file,x1,y1,x2,y2,x3,y3,x4,y4,court_class
m-901-00280000.jpg,-594.819,320.585,268,122,6.997,379.926,658,146,0
m-901-00281000.jpg,-432.81,339.198,418,144,168,400,819,171,0
m-901-00282000.jpg,-320.7166465,371.5248617,507.1836783,174.6467031,246.9930548,438.7771275,928.4940982,202.1035758,0
m-901-00283000.jpg,-339.46,401.444,533,198,266,472,969,227,0
m-901-00284000.jpg,-421.978,412.753,464,206,199,478,890,234,0
m-901-00286000.jpg,-502.021,421.14,352,220,93.997,479.025,756,246,0
m-901-00287000.jpg,-737.487,442.439,219,220,-47.651,483.418,622,244,0
m-901-00288000.jpg,-1041.654,472.764,17,227,-266.132,504.11,440,248,0
m-901-00445000.jpg,-1008.044,561.998,102,303,-200.434,592.079,528,324,0
m-901-00456000.jpg,-992.219,557.513,19,308,-268.87,598.764,472,330,0
m-901-00469000.jpg,-732.159,539.818,230,303,-55.866,600.742,698,329,0
m-901-00470000.jpg,-575.093,548.169,553,288,208,640,1109,328,0
m-901-00471000.jpg,-526.1150858,556.907656,702.7265161,274.641407,298.1281172,667.7238255,1334.959935,321.2663604,0
m-901-00472000.jpg,-703.6884608,558.3828116,538.609022,266.5639406,134.750681,663.3935888,1166.983452,309.6139277,0
m-901-00474000.jpg,-1134.384246,569.7036525,118.9724705,269.48263,-265.4288706,655.5966791,717.2168112,303.2825326,0
m-901-00481000.jpg,-909.267,477.115,187,220,-108.887,513.515,638,246,0
m-901-00483000.jpg,-920.5116888,469.8256695,50.44572514,230.7088849,-233.9935017,520.8412898,496.1928266,252.1880219,0
m-901-00512000.jpg,-181.043,538.242,820,312,496,636,1353.852,355.272,0
m-901-00513000.jpg,-316.564,573.91,801,319,442,680,1389.635,365.86,0
m-901-01114000.jpg,-334.127,291.632,583,85,304,371,1043,117,0
m-901-01275000.jpg,-471.0050362,356.1704173,477.4657264,133.692737,184.7635248,427.9783888,966.7129269,161.3679627,0
m-901-01276000.jpg,-358.384,331.474,579,119,295,410,1050,151,0
m-901-01278000.jpg,-454.438,302.433,496,87,212,375,952,118,0
m-901-01280000.jpg,-202.416,290.969,656,97,389,367,1096,128,0
m-901-01287000.jpg,-262.079,300.204,616,103,346,376,1063,133,0
m-901-01315000.jpg,-977.458,619.153,605,270,135.337,731.899,1334.89,328.175,0
m-901-01318000.jpg,-1460.499,609.308,136,240,-317.202,683.714,818,282,0
m-901-01503000.jpg,-494.588,414.949,455,195,172,483,904,225,0
m-901-01504000.jpg,-427.689,442.538,559,215,256,524,1057,249,0
m-901-01505000.jpg,-348.874,438.674,618,217,316,521,1110,252,0
m-901-01506000.jpg,-439.419,461.885,588,224,266,550,1115,261,0
m-901-01507000.jpg,-688.049,490.68,460,226,109,581,1006.75,265.505,0
m-901-01509000.jpg,-308.415,515.36,828,258,466,625,1439.408,305.315,0
m-901-01510000.jpg,-359.654,532.059,882,253,485,648,1511.179,305.94,0
m-901-01556000.jpg,104,512,976,322,687,601,1448.092,362.617,0
m-901-01559000.jpg,-837.32,591.82,476,287,60,704,1132,332,0
m-901-01689000.jpg,-299.891,737.679,314,235,1076.48,768.128,1093,245,0
m-901-01767000.jpg,-322.631,360.812,441,182,213,417,809,206,0
m-901-01768000.jpg,-248.9723717,381.6361619,626.2470823,177.8928618,336.8730571,459.8846422,1078.275308,210.6328268,0
m-901-01769000.jpg,-554.508,374.098,472,139,162,449,959,172,0
m-901-01800000.jpg,-544.445,365.617,499,130,189,450,1014,164,0
m-901-01801000.jpg,-445.0130237,359.4353986,531.3079476,129.0272372,220.3426917,443.1956593,1040.718247,162.1242723,0
m-901-01802000.jpg,-503.13197,382.622777,491.9740064,146.3188785,168.4094428,468.4666461,1009.618535,179.3036416,0
m-901-01803000.jpg,-754.946,418.405,391,156,40,503,933,192,0
m-901-01821000.jpg,-942.845492,633.9213344,460.0413718,300.5753998,13.63316927,751.6299145,1175.604074,349.0555923,0
m-901-01822000.jpg,-1203.917,661.214,330,304,-126.211,755.915,1041,351,0
m-901-01823000.jpg,-1523.317,677.579,64,309,-380.394,740.185,714,347,0
m-901-01835000.jpg,-1147.039,439.714,78,165,-225.272,462.066,528,190,0
m-901-01836000.jpg,-1090.64,476.473,172,196,-143.479,498.236,619,223,0
m-901-01837000.jpg,-970.5069763,480.4341064,121.2949692,221.6109528,-207.5885092,537.7462296,597.4491045,246.1764718,0
m-901-01838000.jpg,-1366.546,562.033,26,247,-327.076,582.106,523,274,0
m-901-01841000.jpg,-1391.934,635.398,25,300,-376.033,695.828,624,333,0
m-901-01845000.jpg,-1173.59856,613.2780155,148.0339535,292.0888036,-264.7423516,710.361852,794.1828845,329.4797524,0
m-901-01846000.jpg,-967.065,615.356,444,286,9.993,722.564,1142,333,0
m-901-01847000.jpg,-825.616,624.229,652,283,181.238,757.921,1429.297,341.901,0
m-901-02035000.jpg,-1163.511,596.556,294,253,-139.202,689.931,981,299,0
m-901-02245000.jpg,17.82217228,435.4233821,773.3453168,264.3154008,521.4238914,508.5431995,1178.800682,294.9569315,0
m-901-02246000.jpg,37,438,818,264,566,512,1235,297,0
m-901-02247000.jpg,-57.38017705,438.6026759,734.3089014,258.351683,469.3635909,512.5735712,1144.923152,289.799004,0
m-901-02248000.jpg,-116.248,441.907,719,253,454,520,1161,285,0
m-901-02249000.jpg,-299.925,448.6,622,239,332,528,1089,272,0
m-901-02250000.jpg,-781.696,483.765,274,236,-39.417,543.112,745,265,0
m-901-02403000.jpg,-1239.849,465.476,41,168,-301.371,512.981,572,199,0
m-901-02404000.jpg,-741.01,420.349,343,172,11.153,500.747,850,205,0
m-901-02406000.jpg,-306.605,429.864,728,197,399,526,1274,236,0
m-901-02407000.jpg,-203.4002923,450.360725,900.8175822,204.21394,533.2029995,556.6867532,1484.437739,251.3344846,0
m-901-02408000.jpg,-119.064,442.614,980,202,621,554,1565.894,250.966,0
m-901-02409000.jpg,-70.28,419.397,991,187,642,528,1557.162,235.723,0
m-901-02410000.jpg,-211.719,361.644,808,134,479,458,1341.057,175.849,0
m-901-02454000.jpg,-1629.493,666.074,165,287,-295.451,704.309,768,323,0
m-901-02455000.jpg,-1017.71883,584.6317139,293.5680218,269.6099217,-117.8466728,685.2205357,942.3645422,309.4475276,0
m-901-02456000.jpg,-961.8666422,579.4676505,324.8128406,268.0093469,-84.36709146,682.2052804,970.3941494,308.5153327,0
m-901-02457000.jpg,-867.0685179,603.4276148,433.5171285,291.4221931,22.48976713,710.5795361,1087.947428,336.5526819,0
m-901-02461000.jpg,-994.383,632.956,416,302,-14.521,737.11,1115,349,0
m-901-02462000.jpg,-540.1339035,582.2287009,771.8895233,281.3402657,342.6632087,701.7514463,1450.679749,332.4754178,0
m-901-02492000.jpg,-949.222,639.794,437,314,8.601,749.128,1137,362,0
m-901-02493000.jpg,-794.37,663.589,692,320,241.126,778.264,1458.772,378.098,0
m-901-02494000.jpg,-809.775,681.695,833,309,321.29,824.445,1630.726,375.094,0
m-901-02495000.jpg,-1036.833,607.218,417,269,-37.403,721.745,1150,319,0
m-901-02639000.jpg,-624.824,594.44,686,294,274,709,1344.891,345.13,0
m-901-02642000.jpg,-278.856077,520.0649396,1149.145096,209.2094902,703.0567219,649.536648,1800.909372,282.888632,0
m-901-02643000.jpg,61,428,1206,185,818,551,1845.744,243.636,0
m-901-02664000.jpg,184,374,1106,178,794,474,1623.691,222.652,0
m-901-02665000.jpg,60.33458009,375.7651484,970.0814114,177.4430454,663.8869924,468.7298053,1467.434479,217.506457,0
m-901-02666000.jpg,-56.059,392.539,838,193,545,482,1322.046,231.256,0
m-901-02667000.jpg,-276.0312307,419.4496644,711.2599877,191.8813708,383.3458718,510.8476166,1236.359397,228.6481149,0
m-901-02668000.jpg,-643.832,471.836,414,229,92,553,920,262,0
m-901-02669000.jpg,-834.695,504.241,329,232,-18.388,579.46,865,266,0
m-901-02670000.jpg,-489.3894991,501.477555,646.7330784,237.3673852,277.9757043,602.5702521,1235.094231,279.4525646,0
m-901-02671000.jpg,-376.206,522.198,909,234,494,647,1584.19,288.354,0
m-901-02672000.jpg,-478.049,559.207,1011,229,528,705,1790.204,293.774,0
m-901-03477000.jpg,-980.7185988,578.1800525,321.6280983,266.0771957,-88.34223645,676.1436183,950.0315163,306.3682594,0
m-901-03479000.jpg,-1020.677701,616.8438139,604.5872859,238.489856,74.3636175,762.9309882,1452.027041,298.1380776,0
m-901-03496000.jpg,-114.392,372.334,648,197,407,440,1041,226,0
m-901-03503000.jpg,-516.783,366.532,494,137,189,444,981,170,0
m-901-03541000.jpg,-608.808,319.179,457,75,136,403,975,110,0
m-901-03542000.jpg,-366.6418829,317.1339959,608.5408475,88.66609023,298.5339281,402.0357334,1121.155457,122.8387684,0
m-901-03543000.jpg,-209.1832744,322.0913152,790.1006444,94.47130148,471.7918124,414.4788332,1320.839642,132.8678588,0
m-901-03544000.jpg,-88.7,315.367,945,86,606,419,1496.686,131.682,0
m-901-03545000.jpg,-24.997,313.331,993,89,657,417,1536.457,135.862,0
m-901-03550000.jpg,-227.629,291.493,708,82,412,378,1195,115,0
m-901-03551000.jpg,-494.442,304.057,486,85,195,380,955,116,0
m-901-03552000.jpg,-839.876,356.772,224,116,-82.312,416.02,678,145,0
m-901-03564000.jpg,-809.196,523.323,427,234,47,622,1023.305,276.439,0
m-901-03565000.jpg,-478.386,566.724,814,273,400,690,1496.597,326.638,0
m-901-03566000.jpg,-607.027,596.993,906,256,423.754,737.201,1679.206,320.014,0
m-901-03658000.jpg,-7.591,390.951,890,192,595,482,1379.072,231.987,0
m-901-03659000.jpg,-5.436,390.814,890,192,595,482,1379.362,231.895,0
m-901-03660000.jpg,-5.085,390.838,892,192,596,482,1381.62,231.911,0
m-901-03661000.jpg,-16.16780488,392.6249632,889.25203,192.3806111,597.3548542,481.1814383,1387.117901,227.8717426,0
m-901-03662000.jpg,-149.4174032,467.6777679,903.3388422,233.240583,556.4823062,571.1418157,1466.835565,279.147355,0
m-901-03663000.jpg,-785.022,666.423,1246,220,564.737,879.071,2329.896,314.885,0
m-901-03790000.jpg,-658.1007419,435.7992852,341.9660025,195.2211093,26.0408072,516.8335085,850.8115861,227.269973,0
m-901-03791000.jpg,-610.126,481.699,537,215,175,581,1121,255,0
m-901-03792000.jpg,-669.7682508,526.4598344,666.9349695,218.4177227,239.7073809,641.4528501,1349.313014,267.3643551,0
m-901-03793000.jpg,-655.399,570.937,932,215,424.358,724.448,1746.974,283.468,0
m-901-03794000.jpg,-624.845,626.092,1274.31,209.87,666.81,829.493,2297.418,291.066,0
m-901-03885000.jpg,-22.493,384.715,877,185,586,478,1370.95,223.739,0
m-901-03888000.jpg,-560.825,513.842,747,218,327,636,1422.794,271.168,0
m-901-03889000.jpg,-716.654,537.53,512,253,125,642,1130,295,0
m-901-03890000.jpg,-262.745,531.572,957,260,563,653,1607.393,313.632,0
m-901-03892000.jpg,-375.404,602.924,1299.337,242.106,747.732,794.566,2220.848,318.563,0
m-901-04122000.jpg,-966.2598001,585.3643612,396.543383,261.2116209,-34.43639806,690.4473309,1062.563502,304.6332308,0
m-901-04123000.jpg,-959.985,595.34,478,261,24,715,1188,311,0
m-901-04134000.jpg,-613.843,450.022,311,234,34,510,734,260,0
m-901-04135000.jpg,-627.828,453.917,317,232,34,516,752,259,0
m-901-04136000.jpg,-648.246,462.314,334,231,39,526,784,260,0
m-901-04137000.jpg,-667.1701707,465.5733859,312.3197938,230.6856673,16.31430841,534.1499215,783.0221027,260.5808267,0
m-901-04138000.jpg,-674.9740908,452.7030277,334.0975305,213.2794358,25.02494974,518.2265494,800.8616568,243.5279021,0
m-901-04139000.jpg,-579.003,458.506,399,228,101,529,865,259,0
m-901-04140000.jpg,-591.79,459.655,437,223,120,545,946,256,0
m-901-04141000.jpg,-724.249,433.185,348,186,25,510,851,219,0
m-901-04145000.jpg,-442.7170448,313.4166526,276.5481918,135.9968932,56.65199887,361.2077486,629.850306,154.9468968,0
m-901-04266000.jpg,-24.127,379.288,1072,141,702,496,1679.305,191.197,0
m-901-04267000.jpg,-394.678,436.77,1010,126,551,576,1758.14,185.525,0
m-901-04268000.jpg,-463.212,439.308,1066,100,570,591,1885.43,166.9,0
m-901-04269000.jpg,-323.538,466.419,1319.521,111.9,785,638,2196.119,182.987,0
m-901-04551000.jpg,-535.095,605.321,1101,244,568.263,770.13,1960.871,316.487,0
m-901-04594000.jpg,-517.2128247,453.0485003,825.5151489,141.7601093,-380.6828237,872.1667376,1224.299896,282.2037467,0
m-901-04677000.jpg,-428.199,492.517,948,186,509,624,1650.967,247.293,0
m-901-04678000.jpg,-477.406,525.407,1158,168,620,692,2039.908,241.083,0
m-901-04687000.jpg,-221.8662459,664.9318,253.1640867,268.6038432,844.4590506,670.8743841,855.9320332,271.3879005,0
m-901-04688000.jpg,52.6940402,709.1107661,563.6151174,284.8584331,1242.158357,763.5493518,1248.585754,297.801739,0
m-901-05093000.jpg,-592.164,511.87,347,287,60,576,789,315,0
m-901-05113000.jpg,-529.366,510.387,383,293,103,577,820,321,0
m-901-05114000.jpg,-502.513,506.573,413,290,131,576,856,319,0
m-901-05115000.jpg,-271.483,501.606,763,266,434,597,1300.228,308.257,0
m-901-05116000.jpg,-423.681,555.455,1154,210,631,719,2018.413,280.616,0
m-901-05117000.jpg,-655.008,548.28,943,190,429,698,1763.923,258.568,0
m-901-05118000.jpg,-651.3315589,445.6514624,716.9096327,131.9807238,273.2349914,568.5570164,1431.238901,183.1860667,0
m-901-05119000.jpg,-660.404,432.902,640,140,238,543,1280.338,189.534,0
m-901-05120000.jpg,-617.98,375.504,579,102,202,481,1194,143,0
m-901-05121000.jpg,-796.356,385.777,392,114,38,467,943,151,0
m-901-05122000.jpg,-837.196,393.082,336,124,-21.027,474.681,874,159,0
m-901-05123000.jpg,-801.281,375.829,367,105,22,451,906,141,0
m-901-05124000.jpg,-601.7756352,329.5798866,449.3998489,83.31181072,125.4903059,411.2346182,986.3621578,116.0386113,0
m-901-05125000.jpg,-548.0894033,327.6475672,452.9932704,91.35096979,138.3922214,406.3239545,968.6809981,123.0821999,0
m-901-05130000.jpg,-785.568,345.379,204,121,-71.266,389.11,606,145,0
m-901-05137000.jpg,-581.427,433.983,400,200,99,510,884,232,0
m-901-05138000.jpg,-374.229,447.661,783,186,414,557,1393.704,233.034,0
m-901-05142000.jpg,-588.0898471,412.9358709,228.0903591,212.9017916,-31.02508556,484.4123213,654.416124,239.0466674,0
m-901-05948000.jpg,-234.003,383.853,629,187,360,458,1068,218,0
m-901-06134000.jpg,-447.952,422.767,340,235,109,471,700,258,0
m-901-06135000.jpg,-196.361,424.92,645,231,379,500,1081,263,0
m-901-06144000.jpg,-380.086,393.117,412,210,177,448,781,234,0
m-901-06146000.jpg,-462.72,395.109,353,202,109,451,737,226,0
m-901-06148000.jpg,-354.8708408,397.4339152,422.9043674,212.4068842,179.7367642,454.4723518,804.2190116,236.0227845,0
m-901-06152000.jpg,-28.16779378,389.4137786,675.6410771,228.0245811,450.6358127,451.8207124,1031.086161,255.3628426,0
m-901-06153000.jpg,-126.597,393.082,601,227,375,456,967,253,0
m-901-06154000.jpg,-212.701,401.279,548,225,313,462,920,251,0
m-901-06155000.jpg,-173.722,406.167,586,230,348,470,968,258,0
m-901-06158000.jpg,-431.833,432.691,420,234,163,492,818,261,0
m-904-00853000.jpg,-127.5959721,636.2679133,536.73163,335.2324632,467.188686,711.2817963,970.2425657,372.1760352,0
m-904-00854000.jpg,-234.6170272,611.1130082,408.0000223,317.0000211,348.9999633,673.0000205,819.9999961,350.0000099,0
m-904-00856000.jpg,-136.596495,572.2966196,463.9874841,298.2937777,406.3409052,633.8263306,856.7564825,328.223244,0
m-904-00857000.jpg,-78.28699167,601.7250255,638.0000028,281.0000156,563.999988,692.0000256,1126.000002,325.0000145,0
m-904-00877000.jpg,-347.1490117,687.940002,314.0000111,384.0000148,249.762982,745.5940143,731.0000076,414.0000273,0
m-904-00878000.jpg,-296.7989942,689.1399664,338.0000074,395.9999687,279.1709716,738.4879623,734.9999908,424.9999983,0
m-904-01033000.jpg,11.00002127,519.9999908,448.0000107,317.0000098,409.0000173,561.000045,732.0000397,339.000011,0
m-904-01231000.jpg,-579.84701,535.5519924,162.0000024,202.9999928,104.0000087,582.9999818,603.000015,235.0000035,0
m-905-00210360.jpg,-410.4355724,409.9519548,230.6168574,209.1001875,39.32561078,452.8049723,533.2331871,226.8755263,0
m-905-00211440.jpg,-138.7750259,376.113567,577.4172405,166.9943996,351.9000175,449.0035586,949.301794,196.6839095,0
m-905-00212400.jpg,170.9450905,388.0055669,922.7577597,182.6892285,663.2803947,479.7341763,1328.475829,223.1499031,0
m-905-00316760.jpg,-1318.306377,539.0694736,-251.9800843,230.3066984,-631.1821599,591.6340075,182.4617903,248.8053311,0
m-905-00316800.jpg,-1333.022671,545.9129312,-244.4118818,230.7911532,-640.6816941,599.1035328,192.7559938,249.4444583,0
m-905-00408640.jpg,-118.4680664,473.0487605,447.7815863,302.7570456,270.0495348,522.9595901,723.4321421,323.700373,0
m-905-00536680.jpg,-467.2860809,564.2811169,206.6507824,352.8132169,0.259749056,611.2993952,523.5251578,371.9213585,0
m-905-00537920.jpg,-311.5127757,546.0292527,458.7403389,320.116932,212.0691972,618.3764845,832.0277584,349.0182848,0
m-905-00647440.jpg,-960.8634478,702.7925569,246.3012151,349.4687534,-153.5990641,822.3967856,831.7913641,393.4258493,0
m-905-00666640.jpg,-960.6423244,573.7005475,67.62872966,269.3628699,-243.8563318,635.8900101,520.187006,295.7374127,0
m-905-00692320.jpg,-1138.436564,593.0078917,-151.2044275,293.2072752,-498.97203,717.9827454,398.9654704,331.6668399,0
m-905-00696600.jpg,-1386.130157,710.8087749,-86.27943733,330.8875939,-534.7373422,838.9910315,537.8050196,372.6965462,0
m-905-00757880.jpg,-443.4421033,497.3726211,287.0428324,276.2227603,59.22814492,553.5127378,628.7756169,298.9902178,0
m-905-00759960.jpg,-48.35824593,432.8442355,920.4322192,165.4844592,583.3179278,548.9041394,1438.887618,215.29372,0
m-905-00793800.jpg,-979.5081625,582.1274457,32.98164803,274.9098783,-264.5070358,645.2956337,494.9370003,301.8958883,0
m-905-00796720.jpg,-814.7721751,543.6707128,134.6522907,260.4796043,-179.3397772,638.2416626,609.5395651,293.326802,0
m-905-00876680.jpg,-500.0748182,674.5472731,625.5139005,356.226775,247.7248229,793.0148389,1175.285203,406.7404685,0
m-905-00993880.jpg,-190.2118331,336.6222854,512.228034,131.0972332,292.7222924,404.5071385,870.6362682,159.1336259,0
m-905-01099160.jpg,-892.2787357,473.1509069,-2.068243495,190.3702803,-258.0394689,529.8508714,420.4976328,214.2725534,0
m-905-01106520.jpg,-1165.387416,645.8134549,-44.46602027,314.947607,-422.1170879,753.2423639,502.7502148,350.9589478,0
m-905-01109800.jpg,-795.5659055,580.6128617,124.8883521,303.7399077,-159.006132,644.2845163,544.8213459,329.8033475,0
m-905-01112760.jpg,-949.5520299,699.7127867,218.3506312,358.3977889,-168.2163897,806.9775236,765.2961961,398.0088448,0
m-905-01114960.jpg,-307.3510882,589.3070745,1020.52477,224.3921731,554.9119366,754.3963314,1723.201284,293.6249268,0
m-905-01116040.jpg,-390.9734945,459.3708202,1052.278231,59.09344474,554.2634288,633.7610876,1821.127752,133.9667827,0
m-905-01202680.jpg,-390.1114242,300.2010748,328.2830355,86.77613351,120.6994982,359.8078694,693.6985032,109.747919,0
m-905-01211640.jpg,-998.1098616,573.0814296,130.3390943,238.7787061,-248.8519325,696.0911885,709.8294861,281.5164818,0
m-905-01247280.jpg,-773.372636,584.3744714,202.6428702,295.2052661,-118.0021723,679.8523672,681.8835173,329.6990673,0
m-905-01281720.jpg,-74.59066611,526.8810643,526.5451732,350.0264659,333.3464069,583.6445836,819.4431425,374.0159507,0
m-905-01307200.jpg,-330.1913669,462.8850385,444.8495673,236.082879,195.8736489,539.5534138,830.1818582,265.2514271,0
m-905-01309720.jpg,-705.5669589,480.2450987,99.08506653,230.0286518,-146.7001135,532.5624922,466.800381,250.9172137,0
m-905-01336520.jpg,-803.403053,603.6931815,315.9970018,275.189602,-59.76639427,722.2463313,873.827771,318.3501158,0
m-905-01342680.jpg,-1157.372255,759.9997611,224.4270006,361.1795068,-241.8447689,896.3546405,884.2923845,412.3622836,0
m-905-01488240.jpg,-25.80682155,455.8329997,555.5819034,285.5175853,370.4728798,511.1968709,844.6445373,308.7478993,0
m-905-01681080.jpg,-1132.256232,689.1247348,73.26114577,337.8351502,-335.1276111,810.4834154,663.2072538,380.1861347,0
m-905-01682840.jpg,-679.8799145,624.2025025,366.2406526,318.598257,17.81035664,736.4682467,891.2345823,359.2246436,0
m-905-01762200.jpg,-1422.98047,732.4490423,-65.51900326,339.9255059,-529.8666029,857.6720732,572.4710002,383.3984857,0
m-905-01835160.jpg,-340.8179578,355.8258501,440.3045469,126.3702746,192.73009,431.5929317,840.7526888,156.8789701,0
m-905-01880160.jpg,346.8960764,454.5743584,952.473199,293.6750143,745.9815069,532.3742128,1286.217465,328.2451722,0
m-905-01966280.jpg,-129.0609457,503.1027652,698.8454235,268.6780598,418.9164325,595.7052265,1123.696222,307.105225,0
m-905-02019520.jpg,-770.6757056,670.7969238,454.4311464,317.6235255,33.92016981,812.9701964,1086.942343,371.1675418,0
m-905-02042400.jpg,-531.0916894,568.088861,316.3680486,318.4772308,50.71011446,640.7938371,711.5952053,345.6042871,0
m-905-02401880.jpg,-145.0925599,637.6570629,1068.042489,306.7594508,627.6652562,799.8160903,1725.514455,367.7233153,0
m-905-02402200.jpg,-346.4842175,689.6076942,1184.553739,270.9326331,633.6121033,895.0326547,2008.402392,346.2948315,0
m-905-02455600.jpg,-279.8834617,626.2729283,818.1375,321.2093025,440.7266114,757.0767026,1386.531835,373.828208,0
m-905-02533000.jpg,-618.7083135,540.2665744,205.54134,291.3549268,-51.79785321,600.8429497,582.4317713,315.3052682,0
m-905-02537880.jpg,-743.2115736,693.747469,603.0296433,311.4108948,135.4537784,859.2957504,1320.917829,375.8924066,0
m-905-02562680.jpg,-136.2850533,613.2665047,892.2789368,329.1290705,540.5482668,738.0532575,1429.985029,381.3888171,0
m-905-02563440.jpg,-178.5938777,620.5674907,1205.447441,244.453646,720.4021499,800.4307513,1970.527728,314.0190148,0
m-905-02702600.jpg,-817.0887867,490.0516267,72.92448368,216.6415901,-193.5800831,548.750103,488.6336279,241.5437291,0
m-905-02814280.jpg,505.3174988,462.9366893,1133.511227,305.5537388,907.4868895,551.4451137,1485.056048,348.0629489,0
m-905-02906760.jpg,-1141.180542,658.1486307,75.03019676,302.0218371,-327.3992367,771.1967091,656.5521894,343.4346839,0
m-905-02949760.jpg,-1057.006554,622.1468574,99.07340742,279.7927605,-292.1709775,740.5971388,671.2864163,320.7289076,0
m-905-02951040.jpg,-867.3638622,666.9050692,416.0166645,295.9057962,-19.83415319,811.7864841,1073.222925,350.468122,0
m-905-03368280.jpg,-856.7721781,637.190921,63.54469549,356.0177503,-225.7401752,698.1757495,483.0804845,380.832972,0
m-905-03624960.jpg,-316.4007332,466.7029595,436.7146095,245.8683464,194.7925244,539.5959175,809.1484413,273.3733636,0
m-905-03678440.jpg,-643.3673601,645.8989425,276.8738264,373.3728137,-21.90636713,728.7462093,708.7905834,404.5502336,0
m-905-03695680.jpg,-1397.086363,836.1872122,121.3179504,394.1987929,-391.6635543,992.8824376,874.2067099,452.1304849,0
m-905-03783240.jpg,-200.400285,324.7466204,407.3501743,140.3597048,218.487128,376.9208994,708.8071251,161.0692379,0
m-905-03787120.jpg,-652.0936158,479.5226507,179.4956097,231.1025485,-89.74225532,562.5929357,602.0351516,259.6530451,0
m-905-04141400.jpg,-480.1526487,702.4251578,1552.7146,149.3493167,801.2973135,899.4111784,2400.904992,288.3191347,0
m-905-04187200.jpg,-521.1268184,395.3205947,224.7703239,168.8566112,-22.48666902,480.1635719,624.3142059,196.3351792,0
m-905-04193440.jpg,-101.8296295,369.3828849,908.1215752,88.83981319,555.8205438,489.7687857,1449.292032,140.2337256,0
m-905-04378080.jpg,-464.9148568,632.8261542,633.7920274,322.1560124,263.7359903,750.4340308,1177.433356,370.0299565,0
m-905-04379760.jpg,-196.910801,631.0552282,1197.711464,251.7538343,694.5326259,818.1625638,1955.559901,326.1585746,0
m-905-04492880.jpg,-76.88002465,596.0827005,1047.106269,291.0605934,657.2442504,736.5172064,1643.756756,351.863768,0
m-905-04568640.jpg,-260.3337416,322.6421713,389.2174219,127.0445414,187.5304766,377.8985672,709.205737,149.7344537,0
m-905-04570280.jpg,-15.78498661,359.4993416,784.6879836,134.8531849,514.4454405,450.8881073,1206.587728,174.461309,0
m-905-04572080.jpg,-180.9361534,432.8350635,859.6910488,142.3605444,503.278386,556.4006121,1417.595068,192.8830963,0
m-905-04572960.jpg,-293.3186252,499.2293605,846.8006865,182.4427918,455.0638178,633.9360374,1444.484917,237.9597411,0
m-905-04573680.jpg,-441.2278982,574.1185076,852.9454017,213.8119615,412.4733886,724.0743163,1519.939925,277.3940168,0
m-905-04713160.jpg,-232.8505395,421.5895296,500.2140191,207.8490225,268.9778323,489.7742373,864.8186841,236.0450005,0
m-905-04909840.jpg,-89.61434035,326.0581208,480.4394874,156.7168742,304.5761077,378.8792597,767.9491457,177.5924735,0
m-905-04987880.jpg,-314.47208,363.8902674,364.074298,160.5847801,156.7319409,419.0181496,695.1495325,183.3074488,0
m-905-05098200.jpg,53.34993566,330.7466299,648.3461928,159.3046968,456.9455743,394.0134763,965.9602374,184.7311339,0
m-905-05133600.jpg,-861.7589694,529.5782381,55.50166094,254.0911425,-250.6483034,626.5163257,528.769226,286.0757873,0
m-905-05136760.jpg,-308.9364762,576.1322832,656.3072958,301.8905626,333.093093,681.877923,1145.82917,344.7240444,0
m-905-05368240.jpg,-44.92704227,294.1133047,777.932533,61.860625,498.0306732,386.4505556,1217.477126,100.9995379,0
m-905-05371840.jpg,197.526447,310.9761275,1044.465363,82.36209671,741.2663048,416.7961301,1499.907557,131.2853688,0
m-905-05374760.jpg,53.90407939,268.2372044,823.4967516,52.24709285,560.6962319,357.0661414,1240.849899,89.90332507,0
m-905-05468080.jpg,-487.2783287,403.2563154,284.6144301,172.1610104,31.40073406,486.1617559,685.6095377,200.0774252,0
m-905-05483320.jpg,-928.4217773,499.5199343,59.92458522,203.2937284,-278.3476029,616.0671668,586.5418815,241.029429,0
m-905-05493560.jpg,-361.0328032,581.0411353,484.9837489,335.2327585,208.4723751,661.8517685,891.9654663,368.2081541,0
m-905-05521120.jpg,-222.0691336,337.2344414,402.6878939,146.42781,207.5979647,391.2365025,713.6029094,168.3691468,0
m-905-05571320.jpg,-234.6221423,421.3404785,606.6628884,180.4526241,325.6158094,512.1145563,1039.307859,216.7034913,0
m-905-05575080.jpg,235.6865833,479.2786775,1070.577413,256.988855,776.9777029,589.5270579,1526.395965,305.1581083,0
m-905-05901040.jpg,348.1155727,358.0100759,1182.625543,140.55924,882.2257863,467.8175966,1645.725768,191.509816,0
m-905-05907320.jpg,429.4357128,362.9744993,1238.938804,156.6790461,942.1104622,469.8472995,1704.8293,204.8197888,0
m-930-01265000.jpg,-456.3957654,498.0835564,570.6043747,187.6786359,310.7808805,604.3723185,1133.951441,236.5821519,0
m-930-01875000.jpg,-511.973298,521.3089255,733.2651042,152.114428,416.0729555,660.1411005,1429.140038,215.8702623,0
m-930-01925000.jpg,-844.4790199,312.6923293,-29.10305758,44.88485814,-251.9074915,358.0837585,375.9758242,63.15878193,0
m-930-04365000.jpg,46.08897427,675.5034269,474.3948658,232.4562437,1062.134939,721.0655096,1078.746048,247.119104,0
m-930-04615000.jpg,-571.0941557,290.2255967,193.5498124,46.33069406,22.70967168,347.0051176,599.8480533,70.58737872,0
m-930-04685000.jpg,-421.6866255,458.4771147,240.2654008,243.19669,74.3427888,507.8963909,579.8805265,265.2376553,0
m-930-04775000.jpg,-301.6273747,608.7250806,795.9111475,287.0113481,513.4927763,738.5953388,1415.874578,346.1181531,0
m-930-05675000.jpg,-246.3915121,395.9685794,685.5009278,118.2036814,443.1822048,499.7548695,1212.162392,166.1548008,0
m-931-01106000.jpg,-924.3035935,318.8357592,31.72729628,81.37224261,-264.23429,370.0444782,476.7374599,103.2619148,0
m-931-01108000.jpg,-326.0738535,303.6989111,511.4826694,105.5822193,243.4370358,371.5557506,940.7448515,133.771193,0
m-931-01224000.jpg,382.4239848,429.2997086,1466.172517,212.8549394,1127.987469,566.4772313,2045.009752,282.6386656,0
m-931-01275000.jpg,-440.7156817,353.2280067,484.0775099,133.1666882,182.3669006,430.1326444,971.1497387,163.6432344,0
m-931-01518000.jpg,460.5441667,425.8361299,1042.552934,300.087138,859.8551399,505.5813922,1345.89516,343.9254979,0
m-931-01718000.jpg,-984.0287174,569.3318453,153.3946263,290.4592143,-205.8699543,656.8459469,717.9454888,324.2107909,0
m-931-01768000.jpg,-259.5922864,382.2497756,631.4721643,176.6304501,342.1702408,458.637088,1082.601604,209.0738506,0
m-931-01769000.jpg,-528.5201036,372.6101157,465.2779491,139.4708577,155.8495954,449.8407318,961.0410648,171.3830052,0
m-931-01801000.jpg,-450.631488,359.0369148,532.324221,128.4520651,219.3013035,443.231742,1040.867979,162.5543158,0
m-931-01802000.jpg,-507.1206321,383.2235898,491.7473587,145.829349,169.9635075,467.7579843,1007.308658,179.114727,0
m-931-01812000.jpg,-1340.270358,664.2789248,259.3693436,285.2328979,-235.6938614,766.0125548,994.9756883,334.6588299,0
m-931-02132000.jpg,-593.939413,404.6626642,244.4337303,202.1409144,-12.22628774,458.6619121,630.7501326,226.8127643,0
m-931-02718000.jpg,-6.595971035,444.0244926,443.3385346,63.30915283,482.8828118,512.1226737,679.902894,78.77978116,0
m-931-04594000.jpg,-513.7868241,453.4487167,822.5383543,141.99914,-388.9260933,874.5741928,1223.897483,282.2369607,0
m-931-04854000.jpg,-989.0543994,547.2884612,406.5187715,210.641147,-40.13385447,670.0492327,1139.534624,259.6164333,0
m-932-01261000.jpg,-685.1443042,620.2579374,213.5184339,312.3967686,-30.87175893,686.0308637,661.8092798,340.5786964,0
m-932-02703000.jpg,-154.4336722,358.3054573,579.3142598,117.0645718,364.0116464,434.4740641,979.3755201,148.7521996,0
m-932-02707000.jpg,-10.29759336,514.9544175,1096.068334,174.6245349,766.6187672,651.8800473,1735.564351,236.1704941,0
m-932-02727000.jpg,83.19200843,502.0134993,1079.645811,197.3065428,781.6930734,628.7147591,1659.421541,253.7203684,0
m-932-02799000.jpg,-700.5770664,378.0269264,37.37247057,114.5092252,-150.028719,418.7975211,399.1713436,132.4213823,0
m-932-02977000.jpg,-26.1842132,455.0561998,619.6747486,244.6182602,436.5988525,522.105866,969.7309509,271.1990191,0
m-932-02988000.jpg,-188.7265622,586.5700721,571.8412176,334.4602962,346.6256459,665.1234091,980.1772372,367.7419964,0
m-932-03122000.jpg,-360.5259621,641.8395165,951.8174925,229.9625342,551.7401737,805.7197818,1695.972151,296.7006147,0
m-932-03402000.jpg,-390.4654031,646.5855452,659.7626261,308.5969228,354.5059746,757.3578849,1218.360532,357.3188413,0
m-932-03882000.jpg,-449.9737667,402.4912307,298.8973022,145.4682968,82.19514488,476.6184249,710.4809071,173.4313697,0
m-932-04612000.jpg,317.980591,473.1120344,1225.807085,206.0618718,956.3861506,596.0233477,1767.483012,255.9387841,0
m-932-04781000.jpg,-916.5497816,586.2773916,-8.814124438,264.0810764,-249.8384827,661.6627353,486.9144624,292.1734742,0
m-933-02846000.jpg,-1051.471577,551.9510046,179.2331854,310.8864027,-260.7016228,630.1431447,758.0540953,340.000749,0
m-933-03953000.jpg,211.1764436,429.0810376,473.7053695,141.2130579,830.6938771,442.0427474,836.9689588,142.0611076,0
m-933-04103000.jpg,-750.5884939,384.2271338,186.0069034,205.2686616,-139.8691505,429.4886039,608.6022811,220.8960318,0
m-933-05334000.jpg,-547.5711677,380.5427761,342.0285168,210.4316333,31.85381576,430.6800431,748.2448758,229.1028845,0
m-937-01675000.jpg,-320.3256633,437.1197346,421.5001273,263.2177655,222.4052766,487.4440885,812.7456951,285.3413561,0
m-937-02295000.jpg,-215.6743579,716.4990645,349.8286766,225.077155,1202.776078,718.7985685,1197.471992,225.232577,0
m-937-02625000.jpg,-258.2477391,408.2189848,607.5647337,208.9753723,366.1243871,476.6308066,1078.814883,238.7765435,0
m-937-03805000.jpg,-647.3624355,528.3839861,210.181465,317.800496,-0.413310856,575.8145204,662.1890848,339.8497987,0
m-937-03865000.jpg,-1027.7336,539.6983075,-98.79895952,297.6030073,-332.2614201,605.6746209,419.5412212,320.2073634,0
m-937-05027000.jpg,-343.9992619,535.8128525,701.5010206,296.5201365,419.380226,620.8051639,1275.578271,334.6509625,0
m-937-05116000.jpg,-1005.478544,483.4633311,-178.3098101,257.2838883,-345.446462,512.6754999,269.222129,271.7152292,0
m-937-05286000.jpg,-546.9526575,387.6617971,207.0843249,201.1301692,7.556676495,429.5254397,590.6833945,218.9832055,0
m-937-05997000.jpg,-541.4278765,511.3920082,422.5698918,284.0596249,173.6169819,569.4414572,914.0841115,312.2550819,0
m-904-00952000.jpg,533.9660076,226.1410162,1235.208015,538.3530012,53.56200153,268.6780182,616.3389812,626.3180259,1
m-904-00954000.jpg,385.7879541,279.7733447,899.9601932,500.971638,17.48116057,313.8546238,435.2209158,574.8546367,1
m-904-00985000.jpg,917.9999977,313.0000158,1465.596962,567.7430039,566.0000668,338.0000201,969.00006,614.000012,1
m-904-00986000.jpg,811.0000334,351.9999882,1395.669993,621.2560048,428.9999864,381.9999997,868.9999661,678.9999952,1
m-904-01015000.jpg,716.5649886,288.2199959,1519.774016,652.4489948,178.44602,331.6039991,803.0040102,739.3259775,1
m-904-01016000.jpg,542.4352976,305.6650507,1260.960333,624.9100237,48.47260273,348.5827934,617.2271635,714.7752103,1
m-904-01017000.jpg,565.9990104,255.9730103,1406.141007,632.8630243,-7.576997141,303.5319929,655.0169966,735.1260179,1
m-904-01019680.jpg,1048.500555,219.8012536,1966.705003,640.5068143,456.677812,260.2170253,1139.483952,726.9296817,1
m-904-01039000.jpg,1224.687958,261.2399331,1458.72274,654.3347571,764.4093606,255.9078081,743.3117791,637.273525,1
m-904-01043920.jpg,870.2684072,245.0476734,1155.125042,708.1811875,314.291458,252.9889064,301.3415986,726.9107539,1
m-904-01045480.jpg,825.1156764,233.9141979,1103.118785,687.3879423,277.733346,242.8604092,269.6153243,714.5558963,1
m-905-00253680.jpg,607.4966657,78.82161825,1364.312895,300.6701843,208.6382374,113.7839445,859.1820774,384.7973586,1
m-905-00274720.jpg,421.8659502,111.516204,1193.011842,331.8196268,0.686815897,148.4971463,679.9244465,420.7678579,1
m-905-00277040.jpg,898.9692575,170.912322,1745.162286,419.7328221,502.7905609,203.4756698,1152.489068,494.2888505,1
m-905-00277680.jpg,1055.93941,189.9645535,1900.440484,440.7489687,667.2900034,218.6416256,1303.388556,505.0559638,1
m-905-00328760.jpg,988.6602294,236.5554316,2083.676927,566.8354157,425.803833,276.4297398,1342.156137,681.082765,1
m-905-00332000.jpg,740.8642474,278.2157989,1829.403777,598.2674003,193.9061957,320.7442493,1099.808395,713.2888337,1
m-905-00362600.jpg,1088.883779,241.6811157,1757.505967,455.472909,778.2344028,257.6108852,1289.561829,496.3776169,1
m-905-00376880.jpg,1399.232538,289.7583286,2694.939852,684.8133688,730.3255461,333.1009939,1825.136102,815.9617432,1
m-905-00476680.jpg,441.5337121,284.9183913,1541.684914,597.4888704,-136.331719,335.5860535,811.5787152,726.8328986,1
m-905-00587520.jpg,995.9391711,95.17662485,1705.456728,316.0391676,654.0899198,116.8885174,1207.413522,368.3444696,1
m-905-00601360.jpg,1104.31011,114.0031139,1883.938829,357.4159096,740.5531165,135.4108277,1331.899344,407.0962909,1
m-905-00617280.jpg,327.2189014,126.2678703,1158.565097,360.1653428,-129.5693903,168.2826336,607.4136499,459.353394,1
m-905-00724240.jpg,1151.78426,135.8318591,2033.308869,411.1053831,732.801487,159.1981646,1400.815426,467.0605735,1
m-905-00806640.jpg,989.6874777,253.3230447,1884.580042,524.9609241,547.5059228,284.7472156,1269.857537,611.2782208,1
m-905-00908200.jpg,1134.277696,161.3804408,2109.81049,460.3324611,605.7654005,195.8704919,1454.804739,571.1619515,1
m-905-01036040.jpg,488.911392,88.36004306,1375.99091,344.4647461,11.61805199,128.598319,783.8271812,443.4622462,1
m-905-01050720.jpg,144.5215632,311.6620745,758.4044309,468.770034,-201.6052039,353.0221133,363.4335146,555.5083748,1
m-905-01064760.jpg,489.5926731,-13.93445809,1314.473185,226.4231334,41.88589689,24.26254313,761.9373518,318.7993748,1
m-905-01080800.jpg,905.0356099,102.4397221,1668.462537,332.9296233,525.8698386,128.2667034,1131.624545,396.244649,1
m-905-01127880.jpg,635.4626285,137.0052958,1561.03973,407.8178802,156.5040065,175.9871193,941.1392059,510.0399912,1
m-905-01142960.jpg,977.5304502,64.88159046,1911.101435,343.0627493,562.1807608,96.7872071,1240.696559,404.5403873,1
m-905-01156280.jpg,1054.881965,202.8245461,1957.04508,478.7047358,583.2349252,233.7030085,1344.883711,573.9564835,1
m-905-01185040.jpg,827.818001,323.8614922,1296.273454,468.2054866,595.882361,339.1207038,975.577563,507.9246768,1
m-905-01234400.jpg,1369.696706,230.9370949,2264.764939,520.1624695,934.3680996,254.025917,1611.95871,573.3230117,1
m-905-01371000.jpg,938.3466061,167.1527543,1707.866571,400.1080375,543.8476059,193.1568597,1189.510547,481.919093,1
m-905-01446000.jpg,765.5366963,260.4876624,1584.494175,503.5220808,351.8530056,291.0669272,1032.636677,586.8753941,1
m-905-01457080.jpg,268.7639957,252.5876664,1381.209111,562.7212887,-328.4437442,307.8805942,647.9680754,702.183512,1
m-905-01537280.jpg,570.7621416,25.66950998,1344.500314,252.3853124,163.0097835,61.38661629,821.1521229,336.1501276,1
m-905-01548800.jpg,800.6890991,45.15106041,1553.431847,272.0285659,404.1928128,72.64566922,1028.401801,343.0873956,1
m-905-01559960.jpg,864.1585903,256.8800674,1674.031934,498.3945012,463.643123,283.9444389,1121.318993,575.848062,1
m-905-01624600.jpg,1163.74771,319.4930723,2162.967684,624.8952323,670.5730653,350.6261021,1484.387907,716.5777958,1
m-905-01727080.jpg,827.3474563,177.2301339,1502.195937,381.1099822,486.8848541,200.2841349,1029.010746,439.7847062,1
m-905-01934080.jpg,1047.686203,206.17522,1996.580021,497.1206621,548.379711,239.5725651,1352.641379,598.3734796,1
m-905-01992480.jpg,774.5011144,169.3056249,1453.758992,373.2861253,424.0345965,193.6146032,982.7544868,436.0708737,1
m-905-02099680.jpg,661.618375,152.9163109,1300.595836,342.2506524,319.6108947,177.9801771,863.3574483,407.2758104,1
m-905-02294680.jpg,580.9364507,285.424583,1725.437535,614.7140822,-0.777863409,335.1987001,965.5963307,741.6255844,1
m-905-02464600.jpg,891.752567,204.6473124,1627.143864,427.236911,520.2335355,229.4477036,1130.204328,500.7054341,1
m-905-02474600.jpg,1052.511564,272.9252828,1991.028978,557.2964798,590.5323935,303.0901409,1349.268794,645.3833484,1
m-905-02615440.jpg,985.2750571,401.3192395,2069.292526,726.0047365,456.5025991,439.7309363,1335.420476,829.3310808,1
m-905-02635440.jpg,700.7191185,392.7414261,1960.253101,760.8824965,24.63416709,449.8877966,1120.479538,906.5056642,1
m-905-02645840.jpg,1008.105147,331.5070689,1775.943002,567.5572425,651.0685168,353.2709611,1244.93556,623.2881309,1
m-905-02665800.jpg,783.2312051,86.6009978,1536.74767,311.3638277,403.4343843,116.2660167,1012.815947,381.9000676,1
m-905-02675800.jpg,107.3256654,151.1683973,1288.894689,478.0044564,-540.1209231,212.205281,513.5392799,628.2901778,1
m-905-03175160.jpg,1096.395089,296.2133214,1976.948544,567.0764478,654.7235618,324.4338956,1377.522255,651.0339165,1
m-905-03231960.jpg,579.9030348,296.7006123,1416.762424,538.5269255,137.4856693,333.7551531,850.9276469,633.3581325,1
m-905-03291920.jpg,832.6920589,320.4442319,1900.29348,637.4643683,287.7112566,361.8885851,1179.419016,749.7094962,1
m-905-03470040.jpg,742.7708228,278.2645748,1364.107455,464.3764099,429.5466951,301.8336714,936.3555623,522.951968,1
m-905-03580720.jpg,1119.89438,371.4836244,1866.975518,608.2656313,778.027593,390.0398254,1351.823434,656.2896769,1
m-905-03745640.jpg,1149.161659,345.7103724,2133.64394,645.0040657,676.9973255,374.3461507,1457.673513,726.9799915,1
m-905-03814640.jpg,1165.849913,201.9405173,1925.311804,449.3450071,792.4480688,221.721061,1383.418557,498.9166107,1
m-905-03999720.jpg,1278.116048,331.2034384,2406.562914,670.7490511,726.4814082,365.2754326,1644.575015,773.4413796,1
m-905-04026760.jpg,1085.789864,199.1639549,1903.516481,454.6532905,700.8204951,221.0332926,1327.902375,509.7919689,1
m-905-04038960.jpg,1212.339228,162.3865673,1530.567948,473.586943,830.5968012,157.791157,819.0385039,453.4708718,1
m-905-04051280.jpg,1353.911163,224.0766615,2273.716304,512.4409796,841.0224169,256.6869205,1661.718602,622.3966922,1
m-905-04076680.jpg,760.3679821,218.150613,1954.842245,569.7300879,154.8566792,265.9104451,1157.382647,697.7513075,1
m-905-04106680.jpg,1035.82947,240.6741637,1991.24815,531.0442654,550.5453425,272.8140838,1340.364157,625.8054391,1
m-905-04171520.jpg,958.2546431,150.4811403,1714.70483,382.1346435,559.0278892,175.4449179,1206.15595,465.7895882,1
m-905-04294840.jpg,967.4835731,107.986428,1645.886599,330.5200937,618.8231957,130.8635426,1175.8022,388.1173266,1
m-905-04316800.jpg,781.6754036,135.2127349,1685.029224,403.8719161,307.9201872,167.9096736,1076.58982,501.0571141,1
m-905-04436240.jpg,682.6447519,282.9700946,1676.542688,571.7131522,178.9258435,322.5280351,1015.052581,678.2639723,1
m-905-04521600.jpg,1129.548723,368.1933631,2241.587545,701.6884786,611.4531359,400.804226,1482.075756,792.2931959,1
m-905-04531600.jpg,253.8817431,301.842475,1346.739747,605.3352891,-326.2684534,358.2271106,629.2892902,745.3423043,1
m-905-04546400.jpg,606.878705,311.4702295,1501.473768,570.4785795,147.2091546,349.0252914,903.2504058,669.7806539,1
m-905-04558760.jpg,404.8419101,119.3873909,1189.200194,342.2590259,-21.93475642,157.9380184,667.6493584,433.4041492,1
m-905-04722400.jpg,650.6541924,173.1541182,1295.805414,364.0187984,309.8397618,199.5572094,857.7872284,430.2103995,1
m-905-04732400.jpg,601.4435237,318.5111271,980.0564543,430.7699714,399.6553518,336.6896137,722.3211794,473.9012068,1
m-905-04773600.jpg,880.0173031,320.7196626,2031.202351,661.1588015,305.6841835,363.5989589,1255.014941,777.756512,1
m-905-04872680.jpg,1170.972154,34.04527445,2023.354787,305.9108139,769.6385244,56.74365406,1417.147948,358.02504,1
m-905-05191640.jpg,808.2548456,319.1177108,2052.757877,685.8956084,161.4380423,371.0041119,1222.064449,822.5517937,1
m-905-05218240.jpg,788.2346809,145.4180467,1572.228882,381.4697619,378.9175337,174.9528865,1037.817564,459.5347353,1
m-905-05228240.jpg,1104.710337,186.1053943,2101.966882,490.8868735,573.6152783,221.7218897,1426.754797,599.3359844,1
m-905-05249440.jpg,439.6245511,377.0028786,1201.765949,591.8837205,34.25516939,415.0119554,692.3447232,684.2574519,1
m-905-05447160.jpg,858.8904233,79.26016276,1581.770779,298.6173044,497.4157223,106.5591166,1078.993161,363.2976355,1
m-905-05548480.jpg,917.049082,237.048978,1534.068579,429.8311185,618.740228,255.8678757,1110.869833,476.4690285,1
m-905-05609720.jpg,736.9110433,266.8179086,1321.246429,441.0380842,439.4338453,288.588784,912.7629815,496.5579769,1
m-905-05669120.jpg,410.415897,344.480573,946.2605037,492.6685262,112.3949271,375.3044065,592.6775785,562.2135918,1
m-905-05679920.jpg,632.0684664,205.3776328,884.5053612,434.2650302,319.2910815,215.9923259,329.8628826,470.1448296,1
m-905-05708280.jpg,1185.974546,231.9935807,2054.618638,499.5806748,736.0815478,259.7971569,1462.546553,587.4373762,1
m-905-05795240.jpg,258.4309057,306.4783563,1012.372148,511.6771181,-168.6534786,346.0068373,517.2555654,613.0190932,1
m-905-05805240.jpg,870.7431028,109.7640111,1618.08463,333.9192679,495.073569,135.6215709,1092.067864,398.2943167,1
m-905-05831240.jpg,583.5837296,143.5693154,1667.127504,455.7747168,28.8587616,189.8505764,939.0639347,573.9821533,1
m-905-05854040.jpg,1045.050123,273.4188636,1972.922511,556.0391298,585.1303663,303.5371609,1339.400935,643.6834081,1
m-905-05867200.jpg,1083.020101,238.2361383,1800.320355,464.6848013,734.0577242,258.4370961,1291.941076,511.6677276,1
m-911-00320000.jpg,999.557147,238.7222077,1670.20323,406.5812113,678.244047,255.8284539,1206.853206,448.3610375,1
m-911-00321000.jpg,1103.759,243.983,1823.384,423.477,770.243,261.157,1310.738,458.393,1
m-911-00344000.jpg,938.96,236.809,1823.824,446.8,532.879,262.456,1205.024,502.111,1
m-911-00345000.jpg,892,243,1774.733,452.068,486,270,1161,509,1
m-911-00346000.jpg,916.8991104,250.2391287,1807.621814,463.7697592,488.8148392,276.6831137,1191.014401,523.7682658,1
m-911-00347000.jpg,1001.132239,248.7897236,1952.443175,477.4290724,558.469537,273.9485662,1281.899398,531.6648644,1
m-911-00539000.jpg,972,230,1776.025,421.755,609,252,1210,468,1
m-911-00541000.jpg,858.4331741,214.502823,1670.533354,408.3172752,445.3089683,238.3317932,1112.953985,469.9792865,1
m-911-00542000.jpg,794.164,214.573,1612.311,407.689,398.922,241.538,1042.288,464.28,1
m-911-00543000.jpg,790.6327138,198.5231105,1625.485557,395.3179394,369.9496458,227.187626,1061.42207,464.2591871,1
m-911-00544000.jpg,929.224,135.053,1824.904,346.847,518.04,162.891,1198.091,403.918,1
m-911-00545000.jpg,1074,141,1985.249,357.964,664,166,1337.868,411.532,1
m-911-00546000.jpg,914.4695386,147.4463127,1764.293836,351.3948141,482.94121,173.8769435,1179.934319,416.1803439,1
m-911-00547000.jpg,623.24,171.968,1410.085,355.334,214.337,202.906,876.256,425.613,1
m-911-00595000.jpg,1045.265,188.888,1818.589,373.388,712.204,209.901,1268.66,411.062,1
m-911-00596000.jpg,921,200,1689.191,380.246,578,222,1148,426,1
m-911-00597000.jpg,1011,214,1829.037,409.252,641,236,1255,457,1
m-911-00644000.jpg,967,223,2062.392,483.554,461,255,1305.004,557.702,1
m-911-00645000.jpg,790.1380768,219.2727514,1902.33345,483.1262319,221.3572244,257.0671025,1148.972863,575.6647266,1
m-911-00646000.jpg,810.46,194.76,2027.119,478.689,216.024,235.825,1192.36,572.463,1
m-911-00648000.jpg,844.251,202.946,2039.083,487.339,266.205,242.503,1220.15,574.771,1
m-911-00694000.jpg,613.53,254.149,1750.323,516.766,23.527,296.877,978.686,616.246,1
m-911-00695000.jpg,612.888,257.072,1769.198,522.257,35.582,300.354,980.294,619.912,1
m-911-00696000.jpg,613.841,258.356,1757.643,524.081,22.093,301.731,978.361,620.929,1
m-911-00709000.jpg,620.5949186,256.9458233,1720.202134,512.6541948,35.3535232,297.0088018,989.3603108,613.0486723,1
m-911-00732000.jpg,288.859,269.843,1721.1,587.464,-451.022,331.889,756.63,729.234,1
m-911-00733000.jpg,748.829,279.74,2007.922,571.336,114.244,322.934,1151.198,678.128,1
m-911-00734000.jpg,894,286,2090.625,566.975,335,323,1266,650,1
m-911-00735000.jpg,802,283,2005.426,562.715,215,324,1180,658,1
m-911-00736000.jpg,689.914,269.25,2009.882,568.822,55.582,317.018,1102.311,676.369,1
m-911-00737000.jpg,910,266,2271.88,585.518,271,308,1318.949,674.342,1
m-911-01073000.jpg,1129.302451,215.8306387,1904.215497,408.9852129,771.7315241,233.0876336,1367.387976,449.9295218,1
m-911-01354000.jpg,1053,265,1748.201,872.423,101,269,91.853,907.462,1
m-911-01446000.jpg,604,292,1772.23,564.248,3.435,336.772,979,665,1
m-911-01478000.jpg,940,269,1847.31,485.82,531,296,1215,540,1
m-911-01480000.jpg,1034,272,1878.131,480.427,637,295,1288.191,530.201,1
m-911-01778000.jpg,186.173,256.522,1152.624,462.429,-347.666,302.827,508.919,565.747,1
m-911-01779000.jpg,171.398,245.707,1250.132,478.232,-456.962,296.891,539.162,596.848,1
m-911-01780000.jpg,235.409,244.938,1492.252,522.941,-475.596,299.902,655.498,652.415,1
m-911-01907000.jpg,937,200,1784.32,399.369,539,225,1193,457,1
m-911-01908000.jpg,682,200,1550.452,399.807,239,230,954,473,1
m-911-01909000.jpg,465,188,1384.671,395.119,-31.828,226.232,768,485,1
m-911-01910000.jpg,467.093,199.593,1513.995,437.858,-99.201,243.964,812.375,538.327,1
m-911-01911000.jpg,568,198,1794.486,480.254,-61.947,245.886,961,586,1
m-911-01912000.jpg,758,194,2041.616,487.212,134.565,240.076,1165,593,1
m-911-02047000.jpg,863,265,2023.763,534.403,320,301,1216,616,1
m-911-02048000.jpg,558.568,281.146,1716.587,541.201,-26.135,325.845,922.746,644.756,1
m-911-02049000.jpg,390,265,1715.981,563.462,-308.237,319.408,822,689,1
m-911-02052000.jpg,532,167,1828.924,464.422,-144.423,217.671,950,579,1
m-911-02053000.jpg,746,169,1849.848,423.982,195,206,1093,513,1
m-911-02054000.jpg,952,177,1916.286,402.331,502,206,1247,467,1
m-911-02087000.jpg,895,254,2153.558,547.224,295,293,1281.717,637.82,1
m-911-02088000.jpg,610.119,242.287,1941.883,543.413,-42.092,292.15,1025.071,654.492,1
m-911-02089000.jpg,461,231,1885.414,555.938,-262.664,286.99,914,680,1
m-911-02273000.jpg,866.1314857,247.8459684,2196.50924,558.8412673,247.900668,290.1814827,1281.077225,652.8217707,1
m-911-02274000.jpg,825.709,240.785,2278.116,575.507,148.45,288.38,1270.165,681.569,1
m-911-02275000.jpg,758.222,237.058,2112.067,555.877,79.956,284.538,1188.645,665.334,1
m-911-02277000.jpg,1018,239,2372.296,553.197,415,278,1419.087,634.173,1
m-911-02285000.jpg,876.692,247.962,2374.304,607.147,124.638,300.308,1334.786,714.843,1
m-911-02522000.jpg,1033,156,1946.298,376.451,608,183,1301.064,431.025,1
m-911-02548000.jpg,781.775,160.06,1611.974,356.851,377.4,189.374,1039.748,418.641,1
m-911-02549000.jpg,502,175,1381.131,374.662,25,209,791,459,1
m-911-02550000.jpg,369,155,1285.082,361.119,-154.082,194,678,456,1
m-911-02551000.jpg,320,183,1312.128,402.101,-216.734,227.087,649,502,1
m-911-02552000.jpg,220.1285603,190.7638371,1329.47319,433.3344164,-393.9294601,243.7772773,592.4913742,546.921449,1
m-911-02553000.jpg,327,223,1564.684,500.439,-346.334,275.373,740,623,1
m-911-02554000.jpg,355,249,1748.021,561.497,-372.73,307.513,807,692,1
m-911-02566000.jpg,1071.407459,203.7570729,1425.956129,513.4837848,596.142609,200.181313,567.9737436,509.2519622,1
m-911-02567000.jpg,887.2518519,226.4126083,1360.959221,636.335376,250.2283097,231.2087901,248.1223803,654.6151284,1
m-911-02793000.jpg,953.1689898,101.170884,1882.411292,323.9387854,490.1188198,127.942027,1233.223274,390.4569581,1
m-911-02794000.jpg,828.408,105.286,1789.177,333.839,354.533,138.252,1127.305,406.458,1
m-911-02795000.jpg,750.366,150.433,1837.53,404.576,221.583,188.7,1084.363,485.391,1
m-911-02796000.jpg,628.421,164.267,1748.04,425.749,45.946,207.559,986.974,522.405,1
m-911-02797000.jpg,693.978,161.09,1862.553,433.102,95.216,203.956,1065.705,526.42,1
m-911-02798000.jpg,911.1581219,168.4875558,2151.91733,463.8562836,285.6823891,206.9821884,1301.252111,559.2042573,1
m-911-02905000.jpg,1060,163,1930.9,366.945,682,186,1311.002,413.089,1
m-911-03017000.jpg,925.1639152,91.93518545,1790.777526,297.5398439,485.9110045,116.6962651,1181.288759,360.9727274,1
m-911-03046000.jpg,94.30371693,163.6121413,1099.770387,375.9580557,-460.0760841,212.7970581,424.8780087,485.3119476,1
m-911-03047000.jpg,194,157,1184,369,-370.411,202.107,531,474,1
m-911-03048000.jpg,344,165,1263,366,-160.23,204.187,647,458,1
m-911-03235000.jpg,983,119,1945.436,341.88,548,147,1266,401,1
m-911-03306000.jpg,511.346,308.043,1815.874,604.769,-177.893,358.946,938.065,727.087,1
m-911-03307000.jpg,506.141,306.884,1851.868,610.397,-196.591,359.552,943.651,735.883,1
m-911-03325000.jpg,489.966,310.909,1849.923,623.216,-253.161,364.899,934.708,749.794,1
m-911-03326000.jpg,492.251,309.671,1855.934,622.758,-251.054,364.714,926.458,748.161,1
m-911-03327000.jpg,489.64,308.418,1848.632,620.677,-255.702,364.776,928.538,745.15,1
m-911-03331000.jpg,513.501,305.692,1907.546,622.093,-209.713,360.399,960.061,745.808,1
m-911-03334000.jpg,290.884,223.223,1747.08,548.213,-487.582,284.376,767.48,690.245,1
m-911-03335000.jpg,397.6501625,213.1221662,1725.156357,515.8083633,-348.6106454,266.6094613,849.7020775,646.0193601,1
m-911-03336000.jpg,515.056,231.754,1841.314,534.861,-174.642,283.61,939.361,652.138,1
m-911-03337000.jpg,306,224,1704.556,537.363,-455.719,282.54,765,675,1
m-911-03338000.jpg,191,193,1789.305,546.812,-691.173,262.488,718,708,1
m-911-03509000.jpg,1043,239,1737.963,408.503,737,256,1246,442,1
m-911-03510000.jpg,902.780526,242.3419716,1498.599991,389.6063199,612.2684346,258.7007951,1093.108148,430.5200523,1
m-911-03735000.jpg,750,202,1676.41,416.91,301,232,1033,485,1
m-911-03738000.jpg,623,193,1536.276,403.756,151,227,918,484,1
m-911-03739000.jpg,400,200,1374.994,418.719,-129.929,242.383,722,515,1
m-911-03740000.jpg,68,199,1237,449,-620.927,252.44,465,573,1
m-911-03742000.jpg,111.4544691,235.2035714,1507.675878,540.1801352,-674.4663989,294.3927907,568.7887998,684.6741163,1
m-911-03750000.jpg,860,239,1790.146,454.927,425,268,1143,520,1
m-911-03751000.jpg,835,239,1737.454,452.574,409,267,1111,513,1
m-911-03752000.jpg,799,239,1679.392,445.538,381,268,1070,507,1
m-911-03753000.jpg,748.3244828,230.9770526,1572.755111,426.3160615,328.044116,258.3843626,1013.821513,495.0809637,1
m-911-03754000.jpg,712,229,1542.088,421.897,303,258,970,488,1
m-911-03755000.jpg,724,231,1546.806,422.093,319,260,983,488,1
m-911-03761000.jpg,848.823,193.742,1681.712,387.804,454.844,221.362,1100.43,445.798,1
m-911-03762000.jpg,968,180,1861.134,390.739,564,206,1236,444,1
m-911-03835000.jpg,857,225,1768.084,437.034,429,254,1135,502,1
m-911-03870000.jpg,939,225,1800.893,427.798,554,249,1196,478,1
m-911-04024000.jpg,634,252,2221.272,619.744,-189.772,313.963,1130.377,755.926,1
m-911-04025000.jpg,740.8411902,253.7151193,2397.805873,641.8100399,-104.6418021,312.864786,1276.137825,781.759694,1
m-911-04047000.jpg,627.411,305.417,2190.895,671.25,-217.458,366.861,1130.717,812.092,1
m-911-04203000.jpg,724,135,1610.529,340.542,287,165,995,409,1
m-911-04204000.jpg,538.151,121.922,1441.311,332.623,45.99,158.901,826.838,415.284,1
m-911-04205000.jpg,238.0189326,137.9013543,1242.292295,357.0820014,-330.157059,181.0698543,568.7025731,461.2109286,1
m-911-04231000.jpg,563,237,1176,376,243,262,762,433,1
m-911-04232000.jpg,664.728,227.221,1318.835,380.135,330.345,252.893,878.383,436.749,1
m-911-04233000.jpg,765,218,1491.32,385.245,414,241,990,440,1
m-911-04234000.jpg,912,218,1673.107,396.452,570,238,1137,441,1
m-911-04436000.jpg,799,303,1761.629,530.606,340,334,1094,598,1
m-911-04438000.jpg,737.816,298.82,1738.667,534.828,252.893,334.234,1051.031,609.258,1
m-911-04439000.jpg,811.9120063,262.6150831,2000.712695,543.1042936,222.2970882,302.6674149,1192.267529,636.7049574,1
m-911-04440000.jpg,661,276,1746.389,530.547,110,317,1008,621,1
m-911-04441000.jpg,843,275,2138.718,580.257,220,319,1253,678,1
m-911-04462000.jpg,810.056,105.027,1741.197,328.717,352.224,139.515,1096.133,397.13,1
m-911-04463000.jpg,483,159,1416.779,370.451,-18.17,199.133,791,461,1
m-911-04464000.jpg,252.5582796,162.2873162,1300.892076,392.4880659,-348.0625284,205.3949343,597.3187724,502.0926576,1
m-911-04465000.jpg,-11.1998736,149.6674345,1123.842596,387.6988469,-642.7025821,205.5942735,363.902691,513.2195891,1
m-911-04474000.jpg,415.718,112.479,1279.136,309.053,-66.333,150.421,705.664,394.026,1
m-911-04475000.jpg,728,122,1566.787,315.079,313,151,989,383,1
m-911-04476000.jpg,991,121,1871.289,328.521,593,147,1253,381,1
m-911-04492000.jpg,798,93,1815.76,326.854,309,125,1109,402,1
m-911-04493000.jpg,648,81,1703.556,322.211,116,117,979,408,1
m-911-04494000.jpg,804.5252352,101.6908966,1768.990853,330.5354282,303.6607608,133.8663372,1112.183948,410.621824,1
m-911-04497000.jpg,442,106,1454.95,334.88,-103.869,148.115,773,433,1
m-911-04498000.jpg,394.5909325,101.8863944,1399.27886,327.106571,-158.4282039,141.7620541,724.4319842,425.0642538,1
m-911-04509000.jpg,530.6443105,195.9494101,1507.293359,420.41146,8.488261336,236.9694763,852.4632447,514.1911937,1
m-911-04510000.jpg,279,203,1261,417,-262.4,247.158,602,515,1
m-911-04534000.jpg,672.6869959,246.7400594,1384.595417,412.1955399,307.2526638,272.0827691,898.1634837,473.444498,1
m-911-04535000.jpg,700,234,1447.42,407.087,324,261,936,470,1
m-911-04537000.jpg,678,237,1508.414,426.809,265,266,939,496,1
m-911-04539000.jpg,736,210,1660.989,424.099,284,241,1023,495,1
m-911-04541000.jpg,935.9661879,171.2079947,1799.569017,378.681192,508.6748712,195.241644,1201.123619,438.9487128,1
m-911-04653000.jpg,733.7478568,136.457885,1599.989431,341.0867335,274.773294,164.894303,1009.785217,414.3024744,1
m-911-04654000.jpg,564.7020953,135.1318033,1448.88482,338.2025975,91.66004824,167.8494282,850.6343691,418.6651176,1
m-911-04655000.jpg,470.690844,132.9829814,1455.740041,358.2339393,-73.13891851,170.3783074,800.2682778,453.6719174,1
m-911-04656000.jpg,319.771,129.945,1418.902,375.233,-293.718,179.452,685.733,488.166,1
m-911-04657000.jpg,438.717398,185.6210595,1631.840736,457.1857555,-218.496809,232.7513516,834.3590326,570.6524961,1
m-911-04658000.jpg,178,137,1383.838,401.585,-518.221,191.162,589,529,1
m-911-04659000.jpg,213,155,1355.019,406.916,-434.965,206.169,601,527,1
m-911-04660000.jpg,348,165,1470.135,416.247,-260.946,213.904,720,528,1
m-911-04662000.jpg,333.5484632,164.0330456,1402.326261,401.8368443,-268.7613217,206.3424844,684.969241,510.1674151,1
m-911-04796000.jpg,927.929,304.705,2388.473,647.046,235.914,350.015,1372.913,746.955,1
m-911-04799000.jpg,497.8580364,276.8896703,1810.912002,578.8148478,-218.595342,327.4142061,933.4357233,703.7539752,1
m-911-04800000.jpg,350.6868496,276.30246,1576.322691,550.3306848,-314.187486,330.0874715,757.6576033,672.6985397,1
m-911-04801000.jpg,133.246,240.377,1298.524,492.932,-550.827,296.549,530.953,621.815,1
m-911-04802000.jpg,39.82481881,204.9514576,1106.80781,428.2960659,-559.0802839,256.2356796,385.9516774,546.861361,1
m-911-04826000.jpg,526.8662599,275.847456,1859.347106,582.9508797,-186.9811014,326.4609994,964.9632808,706.4820821,1
m-911-04840000.jpg,460.6385132,264.4069851,1841.50502,582.5067456,-297.1579281,318.3767652,921.3629457,717.2972778,1
m-911-04842000.jpg,543.037,248.855,2007.95,586.517,-227.995,306.383,1021.613,717.104,1
m-911-04927000.jpg,946,234,2005.578,483.9,455,265,1266,553,1
m-911-04934000.jpg,877.3795128,207.7791933,1750.379052,415.5057111,448.9202274,234.8425715,1152.004239,481.0488304,1
m-911-04938000.jpg,995.799,120.009,1815.09,318.966,575.378,142.32,1249.268,375.466,1
m-911-05050000.jpg,931,252,2469.879,609.146,205,300,1408.968,719.618,1
m-911-05170000.jpg,677.6528897,246.8875281,2036.984703,564.1667791,-25.58506394,295.0949914,1121.368299,683.0767108,1
m-911-05171000.jpg,640.1859114,253.1835265,2116.43827,597.8382991,-125.3381372,306.8799115,1129.746987,729.6505476,1
m-911-05223000.jpg,938,133,1829.342,338.954,534,159,1199,394,1
m-911-05224000.jpg,721,109,1690.604,333.234,243,141,1018,407,1
m-911-05225000.jpg,539.337,100.527,1604.619,343.921,-16.447,143.687,883.954,440.808,1
m-911-05230000.jpg,767.795,66.213,1730.049,291.388,289.619,100.21,1067.921,364.39,1
m-911-05235000.jpg,862,100,1726.836,302.781,443,128,1125,367,1
m-911-05236000.jpg,722.2969694,102.4024977,1590.713715,306.0093065,263.0813152,131.5864155,997.7436525,380.1864097,1
m-911-05246000.jpg,589,118,1472.814,317.368,128,149,870,397,1
m-911-05263000.jpg,588.834,222.021,1742.019,491.968,-11.056,267.546,956.449,591.516,1
m-911-05264000.jpg,387,225,1630.54,505.649,-273.702,277.62,790,625,1
m-911-05265000.jpg,251,191,1727.854,519.361,-550.954,255.34,739,666,1
m-911-05266000.jpg,204,164,1917.003,550.422,-740.056,236.199,769,719,1
m-911-05318000.jpg,585,176,1645.854,417.812,25,215,924,514,1
m-911-05323000.jpg,533,163,1654.739,417.8,-59.43,207.868,896,522,1
m-911-05401000.jpg,842.687,288.622,2362.795,640.52,115.328,341.055,1307.742,753.5,1
m-911-05415000.jpg,711,275,2233.228,629.448,-67.659,332.115,1182.665,754.639,1
m-911-05417000.jpg,188.2757378,217.0833769,1373.501993,476.0135171,-464.7458301,272.4264169,582.2574195,597.1927917,1
m-911-05608000.jpg,722.3843548,163.9608428,2026.820433,471.4503755,40.52899231,208.1035342,1140.200788,581.2342225,1
m-911-05609000.jpg,259,156,1783.254,497.643,-564.036,221.284,754,647,1
m-911-05617000.jpg,54,183,972,373,-500.527,227.35,370,475,1
m-911-05623000.jpg,144,164,1125,372,-411.237,211.405,479,477,1
m-911-05626000.jpg,215,162,1188,372,-319.202,207.28,544,474,1
m-911-05663000.jpg,126,246,1001,428,-384.342,289.579,426,525,1
m-911-05667000.jpg,263,255,1232,465,-270.331,298.821,585,562,1
m-911-05673000.jpg,182,148,1151,355,-365.916,193.456,511,458,1
m-911-05674000.jpg,235,152,1186,357,-303.299,195.755,556,456,1
m-911-05678000.jpg,515,269,1766.298,556.515,-134.183,319.679,916,668,1
m-911-05679000.jpg,434.774,254.519,1909.48,585.818,-310.636,313.218,906.35,719.759,1
m-911-05687000.jpg,1022,37,1436.629,396.898,473,39,473,402,1
m-911-05689000.jpg,958,234,1374.727,597.598,407,237,405,606,1
m-911-05690000.jpg,885.124,296.703,1444.013,779.629,133.305,301.542,125.977,813.622,1
m-911-05788000.jpg,632.3229358,279.4578595,2195.130551,642.4632687,-187.9535583,339.6790746,1141.474104,782.9166864,1
m-911-05819000.jpg,660,176,1586.409,388.335,185,208,952,468,1
m-911-05822000.jpg,180.6834461,223.5471951,1476.604511,508.2140051,-542.664492,278.5494984,609.9327345,639.2040526,1
m-911-06004000.jpg,533.2651187,178.5891338,1894.789262,494.4481033,-202.8172522,229.7826474,978.7692688,620.0871769,1
m-911-06174000.jpg,734,281.001,2058.522,589.838,58.946,328.484,1157.373,702.564,1
m-930-01025000.jpg,715.1072889,196.7042056,1497.088873,431.5042399,294.5628802,232.3907773,913.8006849,510.7082515,1
m-930-01315000.jpg,250.5726795,172.5173479,1408.490047,502.7978897,-427.8787955,240.0107402,563.5579911,650.933641,1
m-930-01455000.jpg,1189.178402,77.71870184,1861.139748,302.9486588,846.7619566,97.95985311,1337.114093,346.8186309,1
m-930-02285000.jpg,769.9664835,96.81985888,1528.022054,327.591521,353.3243071,129.4615298,951.7828469,401.5632474,1
m-930-05526000.jpg,1550.22207,166.9822428,2565.655075,511.6887172,1015.224053,195.4506614,1790.928572,577.7438743,1
m-930-05565000.jpg,1165.643699,114.3378019,2465.209373,512.3568288,468.8912294,164.8935855,1480.80219,630.5506128,1
m-930-05805000.jpg,1171.289397,236.4607603,2717.48055,705.0862442,385.4662047,295.0021307,1551.64673,834.1013079,1
m-931-01573000.jpg,1480.273392,252.3755164,2473.43865,503.4568566,1043.887764,270.1229601,1771.069082,544.2293437,1
m-931-02085000.jpg,1488.558178,263.7961581,2490.568495,530.3183824,981.1266341,287.3029538,1775.263521,591.2468664,1
m-931-04205000.jpg,232.1921446,136.2723582,1240.237796,357.0916597,-324.8418624,181.889971,567.9751402,462.0442668,1
m-931-05254000.jpg,1588.208775,250.6210274,2575.491973,529.1852315,1017.104395,278.0315789,1826.105693,593.1199518,1
m-932-02412000.jpg,1181.428026,247.8063902,1857.538272,490.6371736,792.2659224,272.4204413,1342.600486,544.1504697,1
m-932-03312000.jpg,624.0173363,191.1612772,1505.280708,467.9316454,144.6064944,235.2417943,881.5050113,566.1906204,1
m-932-03982000.jpg,590.0847949,190.8173748,1146.533928,853.0026295,-271.8789083,208.131985,-251.6317805,960.183589,1
m-932-04552000.jpg,1304.225714,246.2080236,2129.363726,537.7120136,844.2612238,275.2823802,1508.769052,602.0598866,1
m-932-04870000.jpg,1035.751702,196.4596127,1860.257219,469.5915916,601.0157869,226.6545723,1251.256896,536.7375933,1
m-933-01099000.jpg,576.6482381,202.4004352,1511.612371,373.9135479,100.9242364,230.9621076,924.7084619,446.8859525,1
m-933-01464000.jpg,1417.005353,218.9222524,2400.080549,419.3704075,966.0000325,239.000007,1696.821243,461.4238456,1
m-933-01474000.jpg,951.0942421,310.7310422,1985.763058,516.7231563,411.1455403,339.5098629,1303.468912,591.0040058,1
m-933-01514000.jpg,660.0549998,366.4701352,1662.991353,554.7250102,163.1809189,395.7483562,1012.891404,627.5650297,1
m-933-02264000.jpg,39.80396738,250.8961268,908.2587874,390.0235008,-425.4034128,289.8796192,360.3437939,475.636407,1
m-933-02766000.jpg,295.6891724,314.4237945,1509.231725,527.0140807,-338.6276933,359.5047144,738.2516793,629.9791214,1
m-933-04273000.jpg,755.0247066,283.9377669,1834.978169,486.2675335,246.3168697,313.8573368,1130.881394,557.6547751,1
m-933-04763000.jpg,279.6537099,301.9439367,1366.591883,491.5841465,-260.5532974,349.4519818,672.3954747,579.4985973,1
m-933-05470000.jpg,1187.871498,179.0747497,1958.191489,337.2049991,853.5993687,192.3544865,1444.015114,371.9339509,1
m-937-00455000.jpg,683.3041484,253.2490584,1349.462145,403.6208225,317.4795758,278.9395565,873.0110344,460.4058206,1
m-937-00915000.jpg,980.9299237,235.3381969,1768.864315,420.3041086,564.4247084,257.9286984,1182.555126,473.158975,1
m-937-01725000.jpg,1095.76709,198.3358061,1821.127005,375.3372442,723.8507344,217.6202247,1292.642122,418.7740972,1
m-937-01865000.jpg,471.6076472,212.8829059,1263.197369,383.339781,14.6978414,246.0952614,691.2483539,458.1270433,1
m-937-02245000.jpg,1183.529809,218.8945943,1861.833954,389.407381,844.2927915,233.9921499,1359.843001,424.8671172,1
m-937-02835000.jpg,752.7502966,204.6735192,1495.001003,373.8311438,348.519301,232.6080949,960.1220178,435.2887658,1
m-937-05266000.jpg,901.5699179,237.6727009,1553.617504,390.2696355,553.7204738,258.8823181,1083.393003,437.5646803,1
m-937-05848000.jpg,1129.470938,279.7525036,1792.893707,441.7528242,803.3026999,295.7368492,1302.146063,476.9653747,1
m-904-01026200.jpg,228.1485452,290.5167739,-124.4338518,385.1370257,577.6762651,363.982874,233.8571798,475.9365488,2
m-904-01061400.jpg,476.711267,453.58587,25.89463472,567.5183054,919.5604832,557.0829423,478.0024249,694.5166216,2
m-904-01064720.jpg,770.4777547,351.2756305,353.0340977,447.7202854,1189.916593,457.9461494,768.7122838,575.1100171,2
m-905-00195080.jpg,600.7154265,367.5630148,419.3035401,407.1034997,780.2048623,406.0075548,600.3521406,456.5304032,2
m-905-00207160.jpg,336.5776144,310.426254,112.7763533,365.9408867,559.0884095,353.266229,341.3484649,422.1519713,2
m-905-00209880.jpg,1003.748318,315.6731257,768.1127816,354.4748926,1247.216224,376.982649,997.5245937,429.4845155,2
m-905-00235680.jpg,1136.622003,180.8889372,851.5200472,226.449409,1427.720985,256.6873605,1126.807215,318.4190981,2
m-905-00235800.jpg,1216.413128,188.0298309,927.5344895,231.8415705,1513.313001,266.4044286,1205.18996,326.3002907,2
m-905-00241960.jpg,1160.667126,244.3615074,820.0921748,296.8214365,1515.853492,333.5726747,1148.920344,405.807822,2
m-905-00245560.jpg,111.8133493,194.455932,-187.0694858,274.4453621,398.2158442,240.6829824,120.8523693,335.8292653,2
m-905-00279520.jpg,202.136184,367.290986,-99.77250612,442.670777,488.157155,414.2875355,205.8815664,504.3445606,2
m-905-00282120.jpg,342.2640353,388.8414444,-6.005544078,469.355089,667.5857381,448.1936353,344.4099349,546.60747,2
m-905-00285880.jpg,834.1403765,435.438417,431.4111424,511.7989392,1245.32286,530.8431252,830.2542217,631.6141717,2
m-905-00287120.jpg,1064.334217,451.8918619,671.8505766,520.2432618,1476.036088,548.8021904,1058.675637,639.3880444,2
m-905-00290560.jpg,254.3907175,363.001067,-159.7336603,458.8282702,635.7486308,431.6186071,257.3208336,549.5802349,2
m-905-00294720.jpg,821.8786379,316.1600491,494.7485703,377.5823053,1150.008253,389.8382972,818.1704318,469.2133133,2
m-905-00297560.jpg,949.0800251,212.6648027,630.2186236,272.6236342,1269.354771,284.5978297,940.2190688,362.544192,2
m-905-00303320.jpg,429.1976059,308.2197785,182.1648227,363.3774512,670.93988,352.17048,433.4025307,422.0772813,2
m-905-00305160.jpg,496.4813506,318.1908022,284.5393426,368.8844529,708.2480516,360.2263036,499.0478642,423.7188714,2
m-905-00310480.jpg,655.3148202,304.9026989,409.1436036,355.0074476,902.8591158,359.791657,652.452129,424.768146,2
m-905-00314560.jpg,969.6038061,364.0399841,651.9269624,417.9425385,1296.97609,442.7329344,963.6073747,515.2035487,2
m-905-00316320.jpg,1136.503434,364.2227333,758.2525009,421.1199969,1540.283827,460.1893513,1128.612055,539.9494759,2
m-905-00322560.jpg,350.5083848,313.2155253,-58.4799344,404.3322177,756.5522082,390.6842814,353.5577208,506.1859986,2
m-905-00323280.jpg,88.80330936,327.510121,-328.4673307,428.5143984,483.1487836,393.8386483,93.98213014,516.8432223,2
m-905-00402440.jpg,47.36887477,387.2954673,-394.0055441,492.6122322,470.2528444,457.5382409,51.76384211,588.1557942,2
m-905-00416400.jpg,1004.402438,314.8292169,732.4082044,359.8255841,1285.809852,385.0049195,998.206797,445.4508782,2
m-905-00437280.jpg,226.9479737,253.4418371,-44.12590115,321.9203757,495.1871497,301.851615,234.2840215,385.919112,2
m-905-00493360.jpg,405.158112,460.4492001,-13.44377635,552.7000941,809.6496752,539.4084538,401.6501476,657.2926884,2
m-905-00563160.jpg,314.0536853,367.6943128,1.739569297,440.5874154,604.6023406,415.7015434,315.1790452,505.5651038,2
m-905-03330440.jpg,832.6676137,343.7033695,537.8657788,397.79576,1130.762009,412.7536095,829.1783603,483.8495079,2
m-905-03344440.jpg,1006.120279,457.416218,579.2289894,528.3370093,1456.280988,562.2648859,1001.24466,660.3335671,2
m-905-03360520.jpg,668.5346148,428.7732333,442.2964796,475.4447225,888.5285944,473.970627,667.1222161,534.9548275,2
m-905-03383760.jpg,294.9790608,369.1339918,-52.94328612,450.604902,616.5805638,422.319291,295.5732869,522.5558396,2
m-905-03393760.jpg,96.79053936,394.6967982,-331.0535649,496.6281483,509.0693445,465.0856902,99.22647765,591.6367013,2
m-905-03403760.jpg,219.2864787,516.8112517,-277.6919698,628.8907537,701.7581785,606.9808662,219.6518227,747.4895009,2
m-905-03416080.jpg,1033.953724,314.9482639,809.8434827,351.1193292,1264.085364,374.7234645,1028.206662,423.7376998,2
m-905-03429080.jpg,706.8390554,242.1881951,379.4478577,307.9730962,1037.401567,315.0536169,704.29399,399.0539458,2
m-905-03439080.jpg,949.5407592,428.1452724,539.6303357,500.6913881,1377.723833,528.1192704,947.340629,625.1118836,2
m-905-03450040.jpg,305.3339928,329.7080474,-15.39314592,404.8567653,607.6620296,380.9175843,309.1763222,473.5438506,2
m-905-03503720.jpg,464.9509564,487.6070711,71.92851392,573.4400306,847.1576661,563.9224411,463.2285101,673.7875566,2
m-905-03550720.jpg,893.5309575,453.8301636,541.8288879,517.0563863,1258.147397,540.8585089,886.0674619,625.7797141,2
m-905-03560720.jpg,719.1544044,264.2111184,612.2253868,317.3161341,1003.274095,288.2333813,936.1894401,350.2877639,2
m-905-03640160.jpg,668.4575946,350.9338273,345.5514392,416.062623,994.4118178,420.4489778,668.1569481,503.543996,2
m-905-03854640.jpg,474.1202306,405.5886652,125.7396759,480.5975441,814.7419396,473.8624314,471.8005841,569.4164719,2
m-905-03887400.jpg,546.8215811,360.3105324,207.8131575,432.2198731,883.8570897,429.7703828,545.7800077,520.9385596,2
m-905-04016760.jpg,651.264009,449.3550015,216.0596988,537.874713,1084.173934,542.0359615,647.0698251,658.0472917,2
m-905-04096680.jpg,676.8919881,397.6517533,284.7113665,476.0922087,1067.574221,483.138839,672.2040545,584.8380626,2
m-905-04119240.jpg,322.7319542,386.0531573,-47.19928052,469.8482762,684.0215216,452.4443274,326.1554301,557.266097,2
m-905-04168120.jpg,808.1944278,297.1189746,471.8599724,360.8191429,1147.121345,374.188787,804.644243,456.7802574,2
m-905-04183720.jpg,563.593348,241.4978835,244.0012146,308.7694994,880.0337303,307.6242984,564.115812,391.6346687,2
m-905-04248040.jpg,410.8188751,228.5389693,145.5706723,289.4398556,673.6650416,279.7801648,414.288081,356.0507746,2
m-905-04648760.jpg,632.015175,370.9998649,450.5138271,410.8116479,811.6277339,411.0938391,630.7815586,462.0864981,2
m-905-04924160.jpg,422.3233263,333.0524944,82.4623735,408.3147477,759.4597849,398.2066427,424.3241498,492.9606429,2
m-905-04972440.jpg,378.4055627,301.4089134,104.3513111,364.3545839,636.0245502,346.5102741,380.3737299,422.8099305,2
m-905-05072360.jpg,697.3486718,160.5433348,438.7282754,214.002367,956.3815373,219.0768762,694.394421,287.5820006,2
m-905-05430920.jpg,966.1429199,199.5299217,607.0099262,264.1876882,1332.862866,286.0163519,958.3659091,371.4298459,2
m-905-05432920.jpg,446.4931733,264.1075665,36.00204095,352.4640291,853.3890727,346.1121415,447.5623309,458.429581,2
m-905-05560200.jpg,930.7222696,253.1386199,657.0251678,300.4704112,1206.737659,321.9662019,923.3512259,385.6895026,2
m-905-05718280.jpg,381.6074333,481.3034238,-75.63166453,582.3042527,820.6884017,566.8594244,378.1848447,695.6851971,2
m-905-05779840.jpg,1043.87332,504.6912792,526.7075101,595.6535281,1580.121116,630.7981386,1036.000697,751.7336081,2
m-905-05842560.jpg,211.9360474,419.4666711,-236.952119,523.3166051,639.5559489,496.4831022,211.1549639,625.6070033,2
m-905-05920560.jpg,713.2309004,323.2275638,411.3599713,383.30436,1021.112267,390.5455402,712.173643,467.7488089,2
m-921-00222000.jpg,638.099,317.793,337.594,371.023,938.519,370.078,638.333,436.177,2
m-921-00224000.jpg,654.593321,316.7723351,322.5146058,371.2618152,981.6645288,371.773581,650.6430244,438.3065039,2
m-921-00225000.jpg,647.549,310.006,313.892,367.671,981.867,367.041,647.827,441.284,2
m-921-00299000.jpg,708.825,199.784,386.529,253.69,1037.98,258.667,708.047,328.015,2
m-921-00300000.jpg,858.7466658,232.7563953,525.780872,284.7993395,1185.807573,292.4795763,856.7270419,360.1680395,2
m-921-00304000.jpg,899.834,215.666,605.365,261.344,1209.248,272.706,896.649,332.518,2
m-921-00305000.jpg,845.062,222.292,563.33,265.939,1137.811,278.013,843.146,334.723,2
m-921-00306000.jpg,850.141,223.358,567.577,269.468,1145.792,278.679,847.791,339.294,2
m-921-00328000.jpg,553.622,413.932,113.34,494.976,979.696,486.054,555.278,587.224,2
m-921-00329000.jpg,759.081,417.618,333.685,488.335,1196.761,496.656,759.258,587.484,2
m-921-00331000.jpg,726.498,430.015,243.126,510.485,1218.812,515.478,726.291,622.616,2
m-921-00332000.jpg,596.7468852,425.4471202,105.8857894,510.1486672,1081.686777,506.4953548,598.1351076,614.2902783,2
m-921-00334000.jpg,475.7728265,409.6066905,16.28851891,491.8412015,923.8492812,480.0328411,478.4059666,582.927753,2
m-921-00335000.jpg,790.781,384.637,340.834,457.671,1258.171,466.266,791.931,565.104,2
m-921-00373000.jpg,538.897,402.989,29.489,492.667,1035.689,485.308,539.126,600.686,2
m-921-00389000.jpg,463.429,358.224,17.732,437.965,891.737,427.14,464.435,529.602,2
m-930-01295000.jpg,1055.730413,149.6865818,704.1215888,211.9108214,1415.764523,228.407833,1050.667759,308.2667197,2
m-930-01595000.jpg,1121.473465,262.7924291,715.6701144,332.5055096,1554.247768,368.9013397,1110.837333,463.1231685,2
m-930-02315000.jpg,539.0091407,299.7910208,173.3034238,375.6462149,903.9317466,369.4100471,540.7357008,464.0271347,2
m-930-02455000.jpg,674.250401,215.934106,243.8896901,302.1723627,1108.573225,302.339038,674.5050412,411.0522083,2
m-930-03675000.jpg,550.6367509,168.695026,254.0860521,232.0390683,848.4400682,224.5486122,552.2808827,303.6580915,2
m-930-04145000.jpg,55.11309051,326.4387786,-311.9811595,417.0481299,402.3004671,378.3535309,59.13371611,485.8069155,2
m-930-04505000.jpg,90.11376858,235.6872924,-251.5882789,320.5729986,420.5147491,286.5190922,96.60448323,388.9379643,2
m-930-05385000.jpg,1049.387645,199.0118341,676.5405713,262.7294236,1435.155627,286.6631268,1043.753918,369.2168573,2
m-931-01056000.jpg,403.0520729,352.0023706,30.94859725,417.9561884,782.024572,413.3587315,402.8977746,496.9733539,2
m-931-01069000.jpg,216.5660099,256.8821819,-96.7044124,320.8544385,526.8044184,303.9730583,221.4991692,382.9255558,2
m-931-01762000.jpg,977.4196274,204.4442881,612.012149,259.6568442,1352.049312,277.3936671,971.7205676,350.7593758,2
m-931-03213000.jpg,114.5096949,215.3288119,-210.4380312,284.341149,432.7674219,257.0559158,126.0494943,341.2043726,2
m-931-03602000.jpg,689.7633253,134.3340064,320.0766081,198.1266621,1061.980275,199.1958725,690.1663425,281.5327448,2
m-932-01226000.jpg,915.2798533,365.0512966,593.0826989,437.2004107,1229.039999,436.5192651,923.4582044,529.256216,2
m-932-02579000.jpg,1239.513202,395.0737213,893.4382701,454.4583475,1598.873208,489.4315008,1233.341273,566.5310613,2
m-932-02619000.jpg,626.8215042,371.9302925,197.5228402,468.0080045,1051.869571,462.3935143,627.227471,580.7068236,2
m-932-02671000.jpg,114.656719,290.2898956,-164.0157447,367.9931977,388.8660614,335.6197935,122.4839585,428.5869849,2
m-932-02776000.jpg,995.6048956,368.6353262,612.3561696,443.8394736,1381.039961,459.33896,994.0063543,554.8992305,2
m-932-03272000.jpg,650.6176282,339.0952338,450.9369955,384.1450526,851.9870296,381.6924639,651.7333696,438.4178491,2
m-932-03912000.jpg,945.3915962,338.8335056,591.0661249,407.3003294,1309.751736,427.3718906,939.6172398,515.2693849,2
m-932-04632000.jpg,1113.729915,427.2884092,861.0491076,472.3526819,1364.105758,497.1361233,1100.714562,556.2918935,2
m-932-04636000.jpg,346.8247133,460.3671969,-100.4022409,568.8207106,774.2503642,541.7057826,347.6412589,672.9878527,2
m-932-04640000.jpg,375.3929374,376.1068695,-9.728784041,467.6497615,750.1316935,446.602934,375.4033416,556.5757538,2
m-932-04950000.jpg,1139.180119,272.8370143,881.1802411,318.8081762,1402.948946,343.8707122,1133.74546,404.3964194,2
m-932-05055000.jpg,758.3407847,248.9955903,504.0024504,305.922171,1011.093792,306.657936,757.0988068,378.0438484,2
m-933-01015000.jpg,606.4729427,375.6659323,115.2875187,445.8813112,1087.108638,441.3606315,606.4181038,532.142637,2
m-933-01042000.jpg,1242.249515,310.6841412,895.6662022,349.1925613,1603.694677,374.205745,1237.591403,427.6564348,2
m-933-01357000.jpg,1252.241051,274.376055,912.7806679,312.321664,1608.903527,337.2475269,1250.026203,389.7787653,2
m-933-02144000.jpg,588.8603193,338.9409883,95.36017198,410.2533515,1074.900605,406.0606623,587.0170272,498.7094504,2
m-933-02865000.jpg,859.4222897,379.7889887,389.4142543,441.0554867,1329.965876,450.8710156,857.967695,529.8960359,2
m-933-04723000.jpg,1157.986012,389.1926666,667.0090059,447.5527299,1677.524554,478.6818857,1147.019431,560.8725047,2
m-933-05462000.jpg,388.9149783,236.2500564,70.16107809,288.2381899,699.0491717,277.652416,389.297722,343.6511874,2
m-937-00835000.jpg,1246.063608,468.1384152,655.2762456,544.4804538,1863.725987,571.8643332,1247.228269,673.0494615,2
m-937-01435000.jpg,232.8940198,368.0516407,-260.4496891,455.8422453,706.451434,428.2339288,236.1087081,536.1568049,2
m-937-02345000.jpg,229.4758547,372.074238,169.7642761,553.2521205,461.4292283,334.9636443,490.4178485,480.0830054,2
m-937-02665000.jpg,86.22584246,260.3191333,-219.7886434,322.2535945,381.2712577,294.2816073,90.05034969,368.2958853,2
m-937-02745000.jpg,549.1329564,270.8256478,215.4490975,325.3837994,884.2534765,318.3616269,552.3357953,387.0105224,2
m-937-02995000.jpg,56.40609719,277.3352046,-275.820566,343.2521594,377.2922396,313.8221881,62.51314739,392.8436971,2
m-937-03765000.jpg,768.4582097,490.3980954,143.1554582,585.2386061,1402.669261,587.4627893,770.7648475,710.4249014,2
m-937-04855000.jpg,479.7667943,280.1469979,187.9205181,328.3483863,767.7698785,318.7676454,482.2025815,379.0236894,2
m-930-01155000.jpg,501.8988727479753,284.39667705838036,78.16118079927386,373.51082192034386,921.6970578930052,364.60988724074195,503.54042005089104,476.98260057666823,2
m-930-01255000.jpg,874.9146183363325,241.1018730406213,549.4686746486909,299.37069984799365,1206.0850197681516,314.9867991045476,871.5301088808501,391.11410303020915,2
m-930-02065000.jpg,407.117563683572,212.0018060598998,1857.9111626259867,637.4023691255655,-402.3735201849032,292.82280628618366,778.1099839719459,805.95915647415,1
m-930-05185000.jpg,1064.9898489537939,427.81862109894377,619.4791820945278,502.71707934378946,1531.4616269264675,535.3512378685986,1063.356558894178,636.0650598897947,2
m-932-02547000.jpg,588.4309361092319,303.2128422340843,376.8076644553219,350.88781178834455,798.3342831372893,346.72420984787806,588.7403570021987,406.67424978934264,2
m-932-04938000.jpg,1390.4732933305734,284.7807629998897,2307.0622141430194,604.2977985574362,860.5024265972374,319.8841563657096,1637.6273100558158,701.5029108323948,1
m-932-05711000.jpg,1037.5330205546811,173.0970692168565,1669.1395093078443,388.1319748906545,717.2430202642237,194.46409703661976,1208.4975539474317,437.7059327578083,1
m-933-01713000.jpg,522.7961029660142,253.17380424104118,222.36131504268099,299.0028791702022,812.3495580064924,292.03448284234787,522.6891427664009,350.8537825594734,2
m-933-02054000.jpg,1446.8082144258658,253.1335603935591,2304.4448406115375,438.1921512597081,910.4611495091115,282.67920337520366,1765.8338967318869,535.3546761982773,1
m-933-03015000.jpg,424.2823027933256,245.31972564957798,1373.4604641028006,413.7514441430049,-68.28629109468879,277.18154052393913,762.2446167402876,492.9090075702368,1
m-933-05389000.jpg,1089.1462597569778,320.96699168769715,693.4562119251481,367.14920224866484,1489.0865387706137,383.9573972221616,1085.1038510446258,447.1638316717788,2
m-933-05464000.jpg,147.18131464593344,256.66143917014927,-165.19959322876434,311.6535382447931,443.6380799740848,288.4933879926305,147.73710538890109,356.5536598568935,2
m-937-01905000.jpg,603.7229096684641,269.2675255442285,285.92350043532576,319.4143230745254,919.4712876834716,315.4805342857832,604.4075393267827,378.9423942047522,2
m-937-01595000.jpg,299.44639479778255,444.8003073123557,-217.89358556845266,535.4481797361781,798.3701541220304,509.52663265587546,301.3214793397645,620.7146367017472,2
m-908-00095000.jpg,-569.0919033495577,401.5929467906088,230.83387451027514,150.25819209640355,-10.849037695934937,475.5806798308738,635.9103207350788,180.52374039918797,0
m-908-00104000.jpg,31.554596423761478,508.17175944235464,1110.9172401748447,215.15724097775364,730.8435383094069,652.3644225845309,1697.704808843312,283.00619880951797,0
m-908-00062000.jpg,685.2602136454,175.74519548541485,1427.241644878761,396.2676283713567,290.04354653627354,209.3604337685552,918.5913888634853,479.9080579337034,1
m-908-00099000.jpg,-54.23575909841951,392.02987254654084,828.4572570318851,141.8282141686979,524.7402030036499,509.64924637382774,1316.1953302211382,189.3055002676576,0
m-908-00064000.jpg,786.6804427923491,200.30910803051273,1616.6057586188067,451.8987769609714,359.5965036523915,236.4468910480217,1050.4251935233756,539.4143674041572,1
m-908-00072000.jpg,428.9040849835386,271.8439501566848,1382.0474354320706,543.6148989650392,-95.22742951104117,326.3201660088258,748.4807207087462,665.0695119701417,1
m-908-00165000.jpg,401.5748718206166,166.82255792273924,1517.5397752990966,486.2127868890361,-217.54200496094896,227.4368131829541,776.9606677833956,624.5456135973377,1
m-908-00112000.jpg,20.96085991961845,542.1977910946937,365.8657918704089,153.51027867604446,835.5552355562978,552.5694706439124,836.5252252288424,154.33923106201914,0
m-908-00102000.jpg,-84.22425864133568,471.0524114677317,904.5897059852895,193.8838359172618,569.4953933869132,595.8222299269676,1434.9412452382908,250.9022772284597,0
m-908-00065000.jpg,871.937654791728,180.14548386354397,1674.4037106591963,427.44395282367896,466.06766821269633,212.8535889814568,1118.100164953536,504.7371461526222,1
m-908-00061000.jpg,850.0792820426195,135.31332008314502,1581.7119795833964,361.0935368252817,473.51521611541966,164.88119915010034,1073.3772621387354,434.0083720609142,1
m-908-00106000.jpg,-246.15273246595845,564.1851380585526,1112.3277419381752,189.28760403845638,641.1937892325976,742.1090149957334,1840.594954158473,270.1967384746633,0
m-908-00073000.jpg,443.34100555587247,282.8706499030662,1396.0200258792531,553.9010078835745,-76.90098062807427,334.733230555213,759.4142788232223,674.3631179353308,1
m-908-00103000.jpg,139.78017811461598,462.55607180004426,1124.387969383759,199.002321924018,780.9383872530593,597.1468501227818,1665.8503107514746,263.1893379212522,0
m-908-00070000.jpg,411.104473842658,305.2506830296972,1500.8649873135544,616.3408053313641,-179.30743179494684,368.52344278793066,784.5322706103866,755.5156978546181,1
m-908-00111000.jpg,-93.4893910264707,535.6011554616625,233.09554130115382,173.9542086311287,654.9445791179496,528.8564343850366,662.2300492370797,173.15374780422582,0
m-908-00066000.jpg,795.1146897790891,194.8292559844766,1526.2349888119297,417.6489797546322,413.8701798847624,224.22234380076893,1021.4408963169111,493.00552821763705,1
m-908-00113000.jpg,27.92151093428497,599.0153013676844,420.6735863883135,160.8623127425609,952.5712945790917,625.9996138997732,964.2947363665786,164.90557149991247,0
m-908-00098000.jpg,-101.75731526889953,328.55684084498694,695.5096713286498,99.03719381873806,430.77798762268895,423.03057870845987,1106.4254080444766,140.97281426311383,0
m-908-00063000.jpg,698.7493317566315,208.8787665761546,1482.8665570285996,443.4828994931482,289.12224495030955,246.14013330238032,950.001951822831,530.0447147745696,1
m-908-00096000.jpg,-377.06769490545526,357.7806644930696,431.9812543570885,112.57029038779316,175.35712116510254,441.2116510423728,844.6091451136856,146.38253697021872,0
m-908-00081000.jpg,832.953548704116,167.8193523417421,1271.898582467919,642.9024634555889,234.91405290957852,180.23619863266043,247.69734212732638,683.7112131864793,1
m-908-00101000.jpg,-62.823552378118464,485.7540700374008,961.0212516065122,200.87895419114477,609.1727816816472,618.0716462524039,1513.2862600622,262.98868730268157,0
m-908-00128000.jpg,136.3199091577254,412.4678218260328,1098.2926019244528,153.48709308642208,768.3398031926108,544.7202699522438,1621.2963555911927,213.56832420875577,0
m-908-00105000.jpg,-227.20612830882948,547.2675710153978,1005.37668105149,202.82409893590554,584.422837398746,704.2712315024478,1666.354157071978,275.1256943421375,0
m-908-00069000.jpg,466.5363514280877,284.2468557083411,1371.7015337685934,541.9543288960249,-16.125039163551868,334.00182872554757,766.0124915551781,652.668813896691,1
m-908-00100000.jpg,-44.28753045535968,460.5246615403249,920.9889471580789,192.05273035563147,596.7431748613159,584.1061797787257,1442.1973611929882,247.49350358532536,0
m-908-00097000.jpg,-292.09722359253476,316.6120534002037,498.7566276314306,80.12494191039778,247.76430186773555,400.42434628326373,901.8772740016531,115.9689489134247,0
m-908-00166000.jpg,394.2455386582563,200.23244472094018,1549.013058148775,529.4757144324741,-241.03279171081047,262.06975753305124,781.1804995365244,674.8964785484449,1
m-908-00068000.jpg,483.8412723838789,237.3520654713145,1235.5224162008435,449.8363563169361,75.91554125359262,276.8903794203087,732.013162806188,544.3240742482724,1
m-908-00164000.jpg,653.3912330225099,157.33759137938492,1617.5564472809212,444.90633095172655,140.92419214064378,203.83973584958756,959.7726648264952,554.8172765287319,1
m-908-00051000.jpg,626.2810174557856,435.7775456817316,216.96593486741776,520.4955915506009,1039.526016934357,522.6658984042426,625.4118571400123,629.0024601988819,2
m-908-00052000.jpg,628.0029550631396,433.0909490466031,184.92782942379108,527.8325315446468,1067.9201397188142,528.5104645386713,626.999875178832,649.8574533094771,2
m-908-00053000.jpg,689.9258293205932,435.92940879456296,213.50134757636533,536.0123436195404,1164.5438569862977,539.5162381547707,689.8835559227608,667.568855969389,2
m-908-00054000.jpg,799.2072474668432,399.88095379750513,338.82833620289995,490.96666695246205,1263.6882982512657,505.4150143230741,799.7928014361573,623.9835605043573,2
m-908-00055000.jpg,765.9026591601382,338.4791551888496,332.1898316057788,426.3077254264712,1197.7735783040687,436.3299752782347,763.2909775045717,548.3076632175299,2
m-908-00093000.jpg,1049.117327869062,290.20730441508266,683.3012360833648,354.08882185465905,1427.3155430698066,392.8040105225389,1037.284488368094,480.128296258753,2
m-908-00160000.jpg,698.7829102661921,258.39424693687266,335.52982150655436,334.0734622733012,1055.852659659464,336.98430465792455,695.5468996085567,432.1959202333495,2
m-908-00161000.jpg,468.66871252664924,260.2703934880468,119.62334634255998,339.64629347076107,812.2634655364394,328.42501039028315,469.36616943640075,425.40554554238236,2
m-908-00162000.jpg,85.24670857726787,276.4243085370429,-275.0147984972981,371.9127193935771,426.88003201849716,332.2690947280224,92.30500119814812,447.85042632579933,2
m-908-00056000.jpg,721.3691698900784,284.27416116177545,322.8840091097345,367.0542742493307,1119.8666464305998,373.8122147104775,719.4769444807115,478.9407076467531,2
m-908-00059000.jpg,173.09309040975648,265.65788731255856,-139.27480022659805,349.395229723476,476.13411376624936,317.0274209558128,178.96600234582868,417.4169390678881,2
m-908-00060000.jpg,1093.7423748535343,116.26603153445463,1853.3967008250177,362.958558923076,728.6098326899363,140.32037754008894,1317.4271590550413,420.05065267090947,1
m-908-00077000.jpg,1234.395851025451,194.23252655968264,1502.7650754409126,494.5775080721026,884.8430300809997,186.7781229473878,880.0572768422368,469.38663347922596,1
m-908-00094000.jpg,1232.375042017683,309.86289594719136,885.551808472217,365.3668349378492,1587.1194610726268,407.88108855913856,1222.32276754045,482.7539365928802,2
m-908-00126000.jpg,-980.1584880380098,513.1722664461612,66.3988002551412,187.28201220173804,-256.0999958455386,599.343711051771,560.5457172806484,224.49717598314035,0
m-908-00159000.jpg,943.4316569106018,276.9906521835391,571.975441959466,347.9632714323301,1322.808258588196,375.79362841248957,931.0130317455233,470.92465138409665,2
m-908-00197000.jpg,981.3806655504918,168.72248446595324,1360.6508710534408,588.222697006116,471.6873313597606,172.79255904357055,480.4503205555475,602.8043163212662,1
m-908-00075000.jpg,1316.677984474882,187.284285195437,1635.1823456126128,553.1930533645012,886.0280299659709,179.50949656479344,883.3768458136415,525.6568755023535,1
m-908-00194000.jpg,639.8167529091647,232.75445885902175,278.32977520595307,259.87264598064223,794.2419607151285,314.9614359246839,380.51366566778546,351.83946504807705,2
